-- phpMyAdmin SQL Dump
-- version 4.0.4
-- http://www.phpmyadmin.net
--
-- Host: 127.0.0.1
-- Generation Time: Sep 22, 2015 at 12:58 PM
-- Server version: 5.5.32
-- PHP Version: 5.4.16

SET SQL_MODE = "NO_AUTO_VALUE_ON_ZERO";
SET time_zone = "+00:00";


/*!40101 SET @OLD_CHARACTER_SET_CLIENT=@@CHARACTER_SET_CLIENT */;
/*!40101 SET @OLD_CHARACTER_SET_RESULTS=@@CHARACTER_SET_RESULTS */;
/*!40101 SET @OLD_COLLATION_CONNECTION=@@COLLATION_CONNECTION */;
/*!40101 SET NAMES utf8 */;

--
-- Database: `proby_01`
--
CREATE DATABASE IF NOT EXISTS `proby_01` DEFAULT CHARACTER SET utf8 COLLATE utf8_general_ci;
USE `proby_01`;

-- --------------------------------------------------------

--
-- Table structure for table `dragdrop`
--

CREATE TABLE IF NOT EXISTS `dragdrop` (
  `id` int(11) NOT NULL AUTO_INCREMENT,
  `text` varchar(255) DEFAULT NULL,
  `listorder` int(11) DEFAULT NULL,
  PRIMARY KEY (`id`)
) ENGINE=MyISAM  DEFAULT CHARSET=utf8 AUTO_INCREMENT=8 ;

--
-- Dumping data for table `dragdrop`
--

INSERT INTO `dragdrop` (`id`, `text`, `listorder`) VALUES
(1, 'Zakupy', 1),
(2, 'wyprowadzić psa na spacer', 6),
(3, 'Go swimming', 3),
(4, 'Go to the Gym', 4),
(5, 'Pick up the wife from work', 2),
(6, 'Wash the car', 5),
(7, 'Take the kids to school', 7);

-- --------------------------------------------------------

--
-- Table structure for table `glosiciels`
--

CREATE TABLE IF NOT EXISTS `glosiciels` (
  `id` int(10) unsigned NOT NULL AUTO_INCREMENT,
  `nazwisko` varchar(255) COLLATE utf8_unicode_ci NOT NULL,
  `imie` varchar(255) COLLATE utf8_unicode_ci NOT NULL,
  `plec` enum('kobieta','mężczyzna') COLLATE utf8_unicode_ci NOT NULL,
  `created_at` timestamp NOT NULL DEFAULT '0000-00-00 00:00:00',
  `updated_at` timestamp NOT NULL DEFAULT '0000-00-00 00:00:00',
  `czy_starszy` tinyint(1) NOT NULL DEFAULT '0',
  `czy_sluga` tinyint(1) NOT NULL DEFAULT '0',
  `czy_pionier` tinyint(1) NOT NULL DEFAULT '0',
  `czy_zbiorki` tinyint(1) NOT NULL DEFAULT '0',
  `czy_nieczynny` tinyint(1) NOT NULL DEFAULT '0',
  PRIMARY KEY (`id`),
  UNIQUE KEY `X1_glosiciel` (`nazwisko`,`imie`)
) ENGINE=InnoDB  DEFAULT CHARSET=utf8 COLLATE=utf8_unicode_ci AUTO_INCREMENT=154 ;

--
-- Dumping data for table `glosiciels`
--

INSERT INTO `glosiciels` (`id`, `nazwisko`, `imie`, `plec`, `created_at`, `updated_at`, `czy_starszy`, `czy_sluga`, `czy_pionier`, `czy_zbiorki`, `czy_nieczynny`) VALUES
(1, 'Armijak', 'Małgorzata', 'kobieta', '0000-00-00 00:00:00', '2015-03-12 10:03:36', 0, 0, 0, 0, 1),
(2, 'Bętkowska', 'Jadwiga', 'kobieta', '0000-00-00 00:00:00', '2015-03-18 10:49:21', 0, 0, 0, 1, 0),
(8, 'Buczek', 'Edyta', 'kobieta', '0000-00-00 00:00:00', '2015-03-18 11:24:49', 0, 0, 0, 0, 0),
(9, 'Bureć', 'Izabela', 'kobieta', '0000-00-00 00:00:00', '2015-03-18 10:49:21', 0, 0, 0, 1, 0),
(10, 'Chrzanowska', 'Hanna', 'kobieta', '0000-00-00 00:00:00', '2015-03-18 10:49:21', 0, 0, 0, 0, 0),
(11, 'Czerwińska', 'Teresa', 'kobieta', '0000-00-00 00:00:00', '2015-03-18 10:49:21', 0, 0, 0, 0, 0),
(12, 'Darwicki', 'Jan', 'mężczyzna', '0000-00-00 00:00:00', '2015-03-12 10:03:36', 0, 0, 0, 0, 1),
(13, 'Dominiak', 'Teresa', 'kobieta', '0000-00-00 00:00:00', '2015-03-18 10:49:21', 0, 0, 0, 0, 0),
(14, 'Dudek', 'Julian', 'mężczyzna', '0000-00-00 00:00:00', '2015-03-18 10:49:21', 0, 0, 0, 0, 0),
(15, 'Feszak', 'Andrzej', 'mężczyzna', '0000-00-00 00:00:00', '2015-03-18 12:33:38', 0, 1, 0, 1, 0),
(16, 'Feszak', 'Klaudia', 'kobieta', '0000-00-00 00:00:00', '2015-03-18 10:49:21', 0, 0, 0, 0, 0),
(17, 'Florczyński', 'Stanisław', 'mężczyzna', '0000-00-00 00:00:00', '2015-03-12 10:03:36', 0, 0, 0, 0, 1),
(18, 'Fuss', 'Janina', 'kobieta', '0000-00-00 00:00:00', '2015-03-18 10:49:21', 0, 0, 0, 0, 0),
(19, 'Ghasir', 'Elżbieta', 'kobieta', '0000-00-00 00:00:00', '2015-03-18 10:49:21', 0, 0, 0, 1, 0),
(20, 'Górzyńska', 'Aneta', 'kobieta', '0000-00-00 00:00:00', '2015-03-18 10:49:21', 0, 0, 0, 0, 0),
(21, 'Górzyński', 'Andrzej', 'mężczyzna', '0000-00-00 00:00:00', '2015-03-18 10:49:21', 0, 0, 0, 0, 0),
(22, 'Guzek', 'Tytus', 'mężczyzna', '0000-00-00 00:00:00', '2015-03-18 10:49:21', 0, 0, 0, 0, 0),
(23, 'Głozak', 'Piotr', 'mężczyzna', '0000-00-00 00:00:00', '2015-03-18 10:49:21', 0, 1, 0, 0, 0),
(24, 'Heintze', 'Irena', 'kobieta', '0000-00-00 00:00:00', '2015-03-18 10:49:21', 0, 0, 0, 0, 0),
(25, 'Jaworska', 'Danuta', 'kobieta', '0000-00-00 00:00:00', '2015-03-18 10:49:21', 0, 0, 0, 0, 0),
(26, 'Jędraszka', 'Cezary', 'mężczyzna', '0000-00-00 00:00:00', '2015-03-12 10:03:36', 0, 0, 0, 0, 1),
(29, 'Jędraszka', 'Halina', 'kobieta', '0000-00-00 00:00:00', '2015-03-12 10:03:36', 0, 0, 0, 0, 1),
(30, 'Josepyszyn', 'Aleksandra', 'kobieta', '0000-00-00 00:00:00', '2015-03-18 10:49:21', 0, 0, 0, 0, 0),
(31, 'Josepyszyn', 'Barbara', 'kobieta', '0000-00-00 00:00:00', '2015-03-18 10:49:21', 0, 0, 0, 0, 0),
(35, 'Kędziorek', 'Teresa', 'kobieta', '0000-00-00 00:00:00', '2015-03-18 10:49:21', 0, 0, 0, 0, 0),
(36, 'Kietlińska', 'Halina', 'kobieta', '0000-00-00 00:00:00', '2015-03-18 10:49:21', 0, 0, 0, 0, 0),
(39, 'Kościółek', 'Barbara', 'kobieta', '0000-00-00 00:00:00', '2015-03-18 10:49:21', 0, 0, 0, 0, 0),
(40, 'Kowalczyk', 'Daniela', 'kobieta', '0000-00-00 00:00:00', '2015-03-12 10:03:36', 0, 0, 0, 0, 1),
(41, 'Kowalczyk', 'Jerzy', 'mężczyzna', '0000-00-00 00:00:00', '2015-03-18 10:49:21', 0, 0, 0, 1, 0),
(42, 'Kowalczyk', 'Małgorzata', 'kobieta', '0000-00-00 00:00:00', '2015-03-18 10:49:21', 0, 0, 0, 1, 0),
(43, 'Kowalczyk', 'Sylwia', 'kobieta', '0000-00-00 00:00:00', '2015-03-18 10:49:21', 0, 0, 0, 0, 0),
(44, 'Kołodziej', 'Andżelika', 'kobieta', '0000-00-00 00:00:00', '2015-03-18 10:49:21', 0, 0, 0, 0, 0),
(46, 'Kołodziej', 'Ewa', 'kobieta', '0000-00-00 00:00:00', '2015-03-18 10:49:21', 0, 0, 0, 0, 0),
(47, 'Kołodziej', 'Krystyna', 'kobieta', '0000-00-00 00:00:00', '2015-03-18 10:49:21', 0, 0, 0, 0, 0),
(48, 'Kołodziej', 'Krzysztof', 'mężczyzna', '0000-00-00 00:00:00', '2015-03-12 12:07:42', 1, 0, 1, 1, 0),
(49, 'Kołodziej', 'Mirosław', 'mężczyzna', '0000-00-00 00:00:00', '2015-03-18 10:49:21', 0, 0, 0, 1, 0),
(50, 'Kołodziej', 'Rafał', 'mężczyzna', '0000-00-00 00:00:00', '2015-03-18 10:49:21', 0, 0, 0, 0, 0),
(51, 'Krokosz', 'Iwona', 'kobieta', '0000-00-00 00:00:00', '2015-03-18 10:49:21', 0, 0, 0, 0, 0),
(53, 'Kubica', 'Marek', 'mężczyzna', '0000-00-00 00:00:00', '2015-03-12 10:03:36', 0, 0, 0, 0, 1),
(54, 'Kwiatkowska', 'Teresa', 'kobieta', '0000-00-00 00:00:00', '2015-03-18 10:49:21', 0, 0, 0, 1, 0),
(57, 'Lorek', 'Janina', 'kobieta', '0000-00-00 00:00:00', '2015-03-18 10:49:21', 0, 0, 0, 0, 0),
(58, 'Lorek', 'Józef', 'mężczyzna', '0000-00-00 00:00:00', '2015-03-18 10:49:21', 0, 0, 0, 0, 0),
(59, 'Malczewska', 'Barbara', 'kobieta', '0000-00-00 00:00:00', '2015-03-18 10:49:21', 0, 0, 0, 0, 0),
(60, 'Malinow', 'Mirosława', 'kobieta', '0000-00-00 00:00:00', '2015-03-18 10:49:21', 0, 0, 0, 0, 0),
(63, 'Markowicz', 'Dariusz', 'mężczyzna', '0000-00-00 00:00:00', '2015-03-12 10:03:36', 0, 0, 0, 0, 1),
(64, 'Markowicz', 'Jadwiga', 'kobieta', '0000-00-00 00:00:00', '2015-03-18 10:49:21', 0, 0, 0, 0, 0),
(66, 'Mazur', 'Tadeusz', 'mężczyzna', '0000-00-00 00:00:00', '2015-03-18 10:49:21', 0, 0, 0, 0, 0),
(67, 'Michalska', 'Stanisława', 'kobieta', '0000-00-00 00:00:00', '2015-03-12 10:03:36', 0, 0, 0, 0, 1),
(68, 'Mikiel', 'Sylwia', 'kobieta', '0000-00-00 00:00:00', '2015-03-18 10:49:21', 0, 0, 0, 0, 0),
(70, 'Miksa', 'Barbara', 'kobieta', '0000-00-00 00:00:00', '2015-03-18 10:49:21', 0, 0, 0, 0, 0),
(71, 'Molska', 'Krystyna', 'kobieta', '0000-00-00 00:00:00', '2015-03-18 10:49:21', 0, 0, 0, 0, 0),
(72, 'Mrozowska', 'Joanna', 'kobieta', '0000-00-00 00:00:00', '2015-03-18 10:49:21', 0, 0, 0, 0, 0),
(73, 'Myszkowska', 'Agnieszka', 'kobieta', '0000-00-00 00:00:00', '2015-03-12 12:07:35', 0, 0, 1, 0, 0),
(74, 'Myszkowski', 'Andrzej', 'mężczyzna', '0000-00-00 00:00:00', '2015-03-12 12:07:42', 1, 0, 1, 1, 0),
(75, 'Nagryżewski', 'Jacek', 'mężczyzna', '0000-00-00 00:00:00', '2015-03-18 10:49:21', 0, 1, 0, 0, 0),
(76, 'Nahorska', 'Krystyna', 'kobieta', '0000-00-00 00:00:00', '2015-03-18 10:49:21', 0, 0, 0, 1, 0),
(77, 'Nakonieczna', 'Barbara', 'kobieta', '0000-00-00 00:00:00', '2015-03-12 10:03:36', 0, 0, 0, 0, 1),
(78, 'Nieścioruk', 'Marek', 'mężczyzna', '0000-00-00 00:00:00', '2015-03-18 10:49:21', 0, 1, 0, 0, 0),
(79, 'Nowak', 'Mirosława', 'kobieta', '0000-00-00 00:00:00', '2015-03-18 10:49:21', 0, 0, 0, 0, 0),
(80, 'Nowak', 'Ryszard', 'mężczyzna', '0000-00-00 00:00:00', '2015-03-18 10:49:21', 1, 0, 0, 1, 0),
(81, 'Nowik', 'Michał', 'mężczyzna', '0000-00-00 00:00:00', '2015-03-12 10:03:36', 0, 0, 0, 0, 1),
(82, 'Olszanowska', 'Danuta', 'kobieta', '0000-00-00 00:00:00', '2015-03-12 10:03:36', 0, 0, 0, 0, 1),
(84, 'Pacholska', 'Maria', 'kobieta', '0000-00-00 00:00:00', '2015-03-18 10:49:21', 0, 0, 0, 0, 0),
(85, 'Pacholska', 'Małgorzata', 'kobieta', '0000-00-00 00:00:00', '2015-03-18 10:49:21', 0, 0, 0, 0, 0),
(86, 'Pacholski', 'Jan', 'mężczyzna', '0000-00-00 00:00:00', '2015-03-18 10:49:21', 0, 0, 0, 0, 0),
(87, 'Pacholski', 'Roman', 'mężczyzna', '0000-00-00 00:00:00', '2015-03-18 10:49:21', 0, 0, 0, 0, 0),
(88, 'Pakes', 'Daniel', 'mężczyzna', '0000-00-00 00:00:00', '2015-03-12 10:03:36', 0, 0, 0, 0, 1),
(89, 'Pakes', 'Marta', 'kobieta', '0000-00-00 00:00:00', '2015-03-18 10:49:21', 0, 0, 0, 0, 0),
(90, 'Passini', 'Anna', 'kobieta', '0000-00-00 00:00:00', '2015-03-18 10:49:21', 0, 0, 0, 0, 0),
(91, 'Paź', 'Bożena', 'kobieta', '0000-00-00 00:00:00', '2015-03-18 10:49:21', 0, 0, 0, 0, 0),
(92, 'Paź', 'Mariusz', 'mężczyzna', '0000-00-00 00:00:00', '2015-03-12 10:03:36', 0, 0, 0, 0, 1),
(93, 'Paź', 'Ryszard', 'mężczyzna', '0000-00-00 00:00:00', '2015-03-18 10:49:21', 0, 0, 0, 0, 0),
(94, 'Perkowska', 'Monika', 'kobieta', '0000-00-00 00:00:00', '2015-03-12 10:03:36', 0, 0, 0, 0, 1),
(95, 'Perkowska', 'Patrycja', 'kobieta', '0000-00-00 00:00:00', '2015-03-12 10:03:36', 0, 0, 0, 0, 1),
(96, 'Perkowski', 'Krzysztof', 'mężczyzna', '0000-00-00 00:00:00', '2015-03-18 10:49:21', 0, 0, 0, 0, 0),
(100, 'Rejak', 'Małgorzata', 'kobieta', '0000-00-00 00:00:00', '2015-03-18 10:49:21', 0, 0, 0, 0, 0),
(101, 'Rejak', 'Wojciech', 'mężczyzna', '0000-00-00 00:00:00', '2015-03-18 10:49:21', 1, 0, 0, 1, 0),
(103, 'Ruszkowska-Gajda', 'Małgorzata', 'kobieta', '0000-00-00 00:00:00', '2015-03-12 10:03:36', 0, 0, 0, 0, 1),
(104, 'Sadowska', 'Barbara', 'kobieta', '0000-00-00 00:00:00', '2015-03-18 10:49:21', 0, 0, 0, 0, 0),
(105, 'Sadowski', 'Andrzej', 'mężczyzna', '0000-00-00 00:00:00', '2015-03-18 10:49:21', 1, 0, 0, 1, 0),
(106, 'Sobolewska', 'Bożena', 'kobieta', '0000-00-00 00:00:00', '2015-03-12 10:03:36', 0, 0, 0, 0, 1),
(107, 'Sobolewski', 'Tadeusz', 'mężczyzna', '0000-00-00 00:00:00', '2015-03-18 10:49:21', 0, 0, 0, 0, 0),
(108, 'Stębnowski', 'Piotr', 'mężczyzna', '0000-00-00 00:00:00', '2015-03-18 10:49:21', 0, 0, 0, 0, 0),
(109, 'Supeł', 'Andżelika', 'kobieta', '0000-00-00 00:00:00', '2015-03-18 10:49:21', 0, 0, 0, 0, 0),
(110, 'Supeł', 'Daria', 'kobieta', '0000-00-00 00:00:00', '2015-03-18 10:49:21', 0, 0, 0, 0, 0),
(111, 'Supeł', 'Dominika', 'kobieta', '0000-00-00 00:00:00', '2015-03-18 10:49:21', 0, 0, 0, 0, 0),
(112, 'Supeł', 'Paweł', 'mężczyzna', '0000-00-00 00:00:00', '2015-03-18 10:49:21', 1, 0, 0, 1, 0),
(113, 'Sztenke', 'Elżbieta', 'kobieta', '0000-00-00 00:00:00', '2015-03-18 10:49:21', 0, 0, 0, 0, 0),
(114, 'Szulejewska', 'Dorota', 'kobieta', '0000-00-00 00:00:00', '2015-03-18 10:49:21', 0, 0, 0, 1, 0),
(115, 'Szulim', 'Daniela', 'kobieta', '0000-00-00 00:00:00', '2015-03-18 10:49:21', 0, 0, 0, 0, 0),
(116, 'Tesz', 'Krystyna', 'kobieta', '0000-00-00 00:00:00', '2015-03-18 10:49:21', 0, 0, 0, 0, 0),
(117, 'Wyżykowska', 'Maria', 'kobieta', '0000-00-00 00:00:00', '2015-03-18 10:49:21', 0, 0, 0, 0, 0),
(118, 'Zasońska', 'Maria', 'kobieta', '0000-00-00 00:00:00', '2015-03-18 10:49:21', 0, 0, 0, 0, 0),
(119, 'Zawirska', 'Sabina', 'kobieta', '0000-00-00 00:00:00', '2015-03-18 10:49:21', 0, 0, 0, 0, 0),
(120, 'Zbrzeźniak', 'Krystyna', 'kobieta', '0000-00-00 00:00:00', '2015-03-18 10:49:21', 0, 0, 0, 0, 0),
(121, 'Zbrzeźniak', 'Marek', 'mężczyzna', '0000-00-00 00:00:00', '2015-03-18 10:49:21', 1, 0, 0, 1, 0),
(122, 'Zinowiec', 'Hanna', 'kobieta', '0000-00-00 00:00:00', '2015-03-18 10:49:21', 0, 0, 0, 0, 0),
(124, 'Bogdanowicz', 'Alfreda', 'kobieta', '0000-00-00 00:00:00', '2015-03-18 10:49:21', 0, 0, 0, 0, 0),
(125, 'Kempa', 'Jadwiga', 'kobieta', '0000-00-00 00:00:00', '2015-03-12 10:03:36', 0, 0, 0, 0, 1),
(126, 'Krulikowska', 'Jadwiga', 'kobieta', '0000-00-00 00:00:00', '2015-03-12 10:03:36', 0, 0, 0, 0, 1),
(127, 'Migrała', 'Bogusław', 'mężczyzna', '0000-00-00 00:00:00', '2015-03-18 10:49:21', 0, 0, 0, 0, 0),
(128, 'Pożoga', 'Bogumiła', 'kobieta', '0000-00-00 00:00:00', '2015-03-12 10:03:36', 0, 0, 0, 0, 1),
(129, 'Wrotniak', 'Elżbieta', 'kobieta', '0000-00-00 00:00:00', '2015-03-18 10:49:21', 0, 0, 0, 0, 0),
(130, 'Wrotniak', 'Zygmunt', 'mężczyzna', '0000-00-00 00:00:00', '2015-03-18 10:49:21', 0, 0, 0, 0, 0),
(131, 'Zakrzewska', 'Zuzanna', 'kobieta', '0000-00-00 00:00:00', '2015-03-18 10:49:21', 0, 0, 0, 0, 0),
(132, 'Zakrzewski', 'Tomasz', 'mężczyzna', '0000-00-00 00:00:00', '2015-03-18 10:49:21', 0, 0, 0, 0, 0),
(133, 'Stębnowska', 'Izabela', 'kobieta', '0000-00-00 00:00:00', '2015-03-18 10:49:21', 0, 0, 0, 0, 0),
(134, 'Cendrowski', 'Waldemar', 'mężczyzna', '0000-00-00 00:00:00', '2015-03-18 10:49:21', 0, 0, 0, 0, 0),
(135, 'Drozdowska', 'Joanna', 'kobieta', '0000-00-00 00:00:00', '2015-03-18 10:49:21', 0, 0, 0, 0, 0),
(136, 'Dróżdż', 'Daria', 'kobieta', '0000-00-00 00:00:00', '2015-03-18 10:49:21', 0, 0, 0, 1, 0),
(137, 'Graczykowska', 'Ilona', 'kobieta', '0000-00-00 00:00:00', '2015-03-18 10:49:21', 0, 0, 0, 0, 0),
(138, 'Przasnyska', 'Bogumiła', 'kobieta', '0000-00-00 00:00:00', '2015-03-18 10:49:21', 0, 0, 0, 0, 0),
(139, 'Ignaszewska', 'Hanna', 'kobieta', '0000-00-00 00:00:00', '2015-03-18 10:49:21', 0, 0, 0, 0, 0),
(140, 'Urbaniak', 'Andrzej', 'mężczyzna', '0000-00-00 00:00:00', '2015-03-12 10:03:36', 0, 0, 0, 0, 1),
(141, 'Urbaniak', 'Estera', 'kobieta', '0000-00-00 00:00:00', '2015-03-12 10:03:36', 0, 0, 0, 0, 1),
(142, 'Urbaniak', 'Kamil', 'mężczyzna', '0000-00-00 00:00:00', '2015-03-12 10:03:36', 0, 0, 0, 0, 1),
(143, 'Błaszczyk', 'Mirosław', 'mężczyzna', '0000-00-00 00:00:00', '2015-03-18 10:49:21', 0, 0, 0, 0, 0),
(144, 'Kozyra', 'Kacper', 'mężczyzna', '0000-00-00 00:00:00', '2015-03-18 10:49:21', 0, 0, 0, 0, 0),
(145, 'Kozyra', 'Zuzanna', 'kobieta', '0000-00-00 00:00:00', '2015-03-18 10:49:21', 0, 0, 0, 0, 0),
(146, 'Mikołajczyk', 'Rafał', 'mężczyzna', '0000-00-00 00:00:00', '2015-03-18 10:49:21', 0, 0, 0, 0, 0),
(147, 'Przywecki', 'Wojciech', 'mężczyzna', '0000-00-00 00:00:00', '2015-03-18 10:49:21', 0, 0, 0, 0, 0),
(148, 'Krzanowski', 'Beniamin', 'mężczyzna', '0000-00-00 00:00:00', '2015-03-18 10:49:21', 0, 0, 0, 1, 0),
(149, 'Piotrowska', 'Agnieszka', 'kobieta', '0000-00-00 00:00:00', '2015-03-18 10:49:21', 0, 0, 0, 0, 0),
(150, 'Malec', 'Jolanta', 'kobieta', '0000-00-00 00:00:00', '2015-03-18 10:49:21', 0, 0, 0, 0, 0),
(151, 'Szpetkowska', 'Elżbieta', 'kobieta', '0000-00-00 00:00:00', '2015-03-12 10:03:36', 0, 0, 0, 0, 1),
(152, 'Szpetkowski', 'Marek', 'mężczyzna', '0000-00-00 00:00:00', '2015-03-18 10:49:21', 0, 0, 0, 0, 0),
(153, 'Szymańska', 'Izabela', 'kobieta', '0000-00-00 00:00:00', '2015-03-18 10:49:21', 0, 0, 0, 0, 0);

-- --------------------------------------------------------

--
-- Table structure for table `glosiciel_grupa`
--

CREATE TABLE IF NOT EXISTS `glosiciel_grupa` (
  `id` int(11) NOT NULL AUTO_INCREMENT,
  `glosiciel_id` int(11) NOT NULL,
  `grupa_id` int(11) NOT NULL,
  `pozycja` int(11) NOT NULL,
  `created_at` timestamp NOT NULL DEFAULT CURRENT_TIMESTAMP ON UPDATE CURRENT_TIMESTAMP,
  `updated_at` timestamp NOT NULL DEFAULT '0000-00-00 00:00:00',
  PRIMARY KEY (`id`)
) ENGINE=InnoDB  DEFAULT CHARSET=utf8 AUTO_INCREMENT=308 ;

--
-- Dumping data for table `glosiciel_grupa`
--

INSERT INTO `glosiciel_grupa` (`id`, `glosiciel_id`, `grupa_id`, `pozycja`, `created_at`, `updated_at`) VALUES
(51, 2, 1, 2, '2015-07-16 12:03:51', '2015-07-16 12:03:51'),
(69, 23, 6, 8, '2015-07-16 12:12:02', '2015-07-16 12:12:02'),
(70, 20, 1, 3, '2015-07-16 12:03:51', '2015-07-16 12:03:51'),
(71, 21, 1, 4, '2015-07-16 12:03:51', '2015-07-16 12:03:51'),
(86, 44, 1, 5, '2015-07-16 12:03:51', '2015-07-16 12:03:51'),
(88, 46, 1, 6, '2015-07-16 12:03:51', '2015-07-16 12:03:51'),
(91, 49, 1, 7, '2015-07-16 12:03:51', '2015-07-16 12:03:51'),
(92, 50, 1, 8, '2015-07-16 12:03:51', '2015-07-16 12:03:51'),
(96, 40, 1, 9, '2015-07-16 12:03:51', '2015-07-16 12:03:51'),
(97, 41, 1, 10, '2015-07-16 12:03:51', '2015-07-16 12:03:51'),
(99, 43, 1, 11, '2015-07-16 12:03:51', '2015-07-16 12:03:51'),
(115, 66, 6, 14, '2015-07-16 12:12:02', '2015-07-16 12:12:02'),
(120, 71, 1, 13, '2015-07-16 12:03:51', '2015-07-16 12:03:51'),
(122, 73, 3, 8, '2015-07-16 12:09:18', '2015-07-16 12:09:18'),
(152, 103, 1, 14, '2015-07-16 12:03:51', '2015-07-16 12:03:51'),
(167, 118, 1, 17, '2015-07-16 12:03:51', '2015-07-16 12:03:51'),
(169, 120, 1, 18, '2015-07-16 12:03:51', '2015-07-16 12:03:51'),
(170, 121, 1, 1, '2015-07-16 12:03:51', '2015-07-16 12:03:51'),
(172, 124, 2, 2, '2015-07-16 12:06:11', '2015-07-16 12:06:11'),
(173, 125, 2, 6, '2015-07-16 12:06:11', '2015-07-16 12:06:11'),
(174, 126, 1, 12, '2015-07-16 12:03:51', '2015-07-16 12:03:51'),
(175, 127, 2, 8, '2015-07-16 12:06:11', '2015-07-16 12:06:11'),
(176, 128, 2, 18, '2015-07-16 12:06:11', '2015-07-16 12:06:11'),
(177, 130, 1, 16, '2015-07-16 12:03:51', '2015-07-16 12:03:51'),
(178, 131, 2, 10, '2015-07-16 12:06:11', '2015-07-16 12:06:11'),
(179, 132, 2, 11, '2015-07-16 12:06:11', '2015-07-16 12:06:11'),
(180, 129, 1, 15, '2015-07-16 12:03:51', '2015-07-16 12:03:51'),
(181, 1, 7, 2, '2015-07-16 12:13:27', '2015-07-16 12:13:27'),
(187, 8, 2, 3, '2015-07-16 12:06:11', '2015-07-16 12:06:11'),
(188, 9, 7, 3, '2015-07-16 12:13:27', '2015-07-16 12:13:27'),
(189, 10, 6, 2, '2015-07-16 12:12:02', '2015-07-16 12:12:02'),
(190, 11, 6, 4, '2015-07-16 12:12:02', '2015-07-16 12:12:02'),
(192, 13, 4, 2, '2015-07-16 12:11:50', '2015-07-16 12:11:50'),
(193, 14, 7, 5, '2015-07-16 12:13:27', '2015-07-16 12:13:27'),
(194, 15, 7, 1, '2015-07-16 12:13:27', '2015-07-16 12:13:27'),
(195, 16, 7, 6, '2015-07-16 12:13:27', '2015-07-16 12:13:27'),
(196, 17, 7, 7, '2015-07-16 12:13:27', '2015-07-16 12:13:27'),
(197, 18, 6, 6, '2015-07-16 12:12:02', '2015-07-16 12:12:02'),
(198, 19, 6, 7, '2015-07-16 12:12:02', '2015-07-16 12:12:02'),
(199, 22, 2, 5, '2015-07-16 12:06:11', '2015-07-16 12:06:11'),
(200, 24, 4, 3, '2015-07-16 12:11:50', '2015-07-16 12:11:50'),
(201, 25, 7, 8, '2015-07-16 12:13:27', '2015-07-16 12:13:27'),
(202, 26, 4, 5, '2015-07-16 12:11:50', '2015-07-16 12:11:50'),
(205, 29, 4, 6, '2015-07-16 12:11:50', '2015-07-16 12:11:50'),
(206, 30, 3, 2, '2015-07-16 12:09:18', '2015-07-16 12:09:18'),
(207, 31, 3, 3, '2015-07-16 12:09:18', '2015-07-16 12:09:18'),
(211, 35, 4, 7, '2015-07-16 12:11:50', '2015-07-16 12:11:50'),
(212, 36, 5, 3, '2015-07-16 12:13:27', '2015-07-16 12:13:27'),
(214, 47, 4, 8, '2015-07-16 12:11:50', '2015-07-16 12:11:50'),
(215, 48, 4, 9, '2015-07-16 12:11:50', '2015-07-16 12:11:50'),
(218, 39, 3, 4, '2015-07-16 12:09:18', '2015-07-16 12:09:18'),
(219, 42, 2, 7, '2015-07-16 12:06:11', '2015-07-16 12:06:11'),
(220, 51, 7, 9, '2015-07-16 12:13:27', '2015-07-16 12:13:27'),
(222, 53, 5, 4, '2015-07-16 12:13:27', '2015-07-16 12:13:27'),
(223, 54, 5, 5, '2015-07-16 12:13:27', '2015-07-16 12:13:27'),
(226, 57, 6, 10, '2015-07-16 12:12:02', '2015-07-16 12:12:02'),
(227, 58, 6, 11, '2015-07-16 12:12:02', '2015-07-16 12:12:02'),
(228, 59, 3, 7, '2015-07-16 12:09:18', '2015-07-16 12:09:18'),
(232, 63, 6, 12, '2015-07-16 12:12:02', '2015-07-16 12:12:02'),
(233, 64, 6, 13, '2015-07-16 12:12:02', '2015-07-16 12:12:02'),
(235, 67, 5, 7, '2015-07-16 12:13:27', '2015-07-16 12:13:27'),
(236, 68, 4, 10, '2015-07-16 12:11:50', '2015-07-16 12:11:50'),
(238, 70, 7, 11, '2015-07-16 12:13:27', '2015-07-16 12:13:27'),
(239, 72, 4, 11, '2015-07-16 12:11:50', '2015-07-16 12:11:50'),
(240, 74, 3, 1, '2015-07-16 12:09:18', '2015-07-16 12:09:18'),
(241, 75, 5, 8, '2015-07-16 12:13:27', '2015-07-16 12:13:27'),
(242, 76, 3, 9, '2015-07-16 12:09:18', '2015-07-16 12:09:18'),
(243, 77, 6, 15, '2015-07-16 12:12:02', '2015-07-16 12:12:02'),
(244, 78, 2, 9, '2015-07-16 12:06:11', '2015-07-16 12:06:11'),
(245, 79, 2, 12, '2015-07-16 12:06:11', '2015-07-16 12:06:11'),
(246, 80, 2, 1, '2015-07-16 12:06:11', '2015-07-16 12:06:11'),
(247, 81, 5, 9, '2015-07-16 12:13:27', '2015-07-16 12:13:27'),
(248, 82, 7, 12, '2015-07-16 12:13:27', '2015-07-16 12:13:27'),
(250, 85, 3, 10, '2015-07-16 12:09:18', '2015-07-16 12:09:18'),
(251, 84, 7, 13, '2015-07-16 12:13:27', '2015-07-16 12:13:27'),
(252, 86, 3, 11, '2015-07-16 12:09:18', '2015-07-16 12:09:18'),
(253, 87, 3, 12, '2015-07-16 12:09:18', '2015-07-16 12:09:18'),
(254, 88, 4, 12, '2015-07-16 12:11:50', '2015-07-16 12:11:50'),
(255, 89, 4, 13, '2015-07-16 12:11:50', '2015-07-16 12:11:50'),
(256, 90, 5, 10, '2015-07-16 12:13:27', '2015-07-16 12:13:27'),
(257, 91, 2, 14, '2015-07-16 12:06:11', '2015-07-16 12:06:11'),
(258, 92, 2, 16, '2015-07-16 12:06:11', '2015-07-16 12:06:11'),
(259, 93, 2, 17, '2015-07-16 12:06:11', '2015-07-16 12:06:11'),
(260, 94, 4, 14, '2015-07-16 12:11:50', '2015-07-16 12:11:50'),
(261, 95, 4, 15, '2015-07-16 12:11:50', '2015-07-16 12:11:50'),
(262, 96, 4, 16, '2015-07-16 12:11:50', '2015-07-16 12:11:50'),
(266, 100, 6, 16, '2015-07-16 12:12:02', '2015-07-16 12:12:02'),
(267, 101, 6, 1, '2015-07-16 12:12:02', '2015-07-16 12:12:02'),
(269, 104, 5, 11, '2015-07-16 12:13:27', '2015-07-16 12:13:27'),
(270, 105, 5, 1, '2015-07-16 12:13:27', '2015-07-16 12:13:27'),
(271, 106, 5, 12, '2015-07-16 12:13:27', '2015-07-16 12:13:27'),
(272, 107, 5, 13, '2015-07-16 12:13:27', '2015-07-16 12:13:27'),
(273, 108, 5, 15, '2015-07-16 12:13:27', '2015-07-16 12:13:27'),
(274, 109, 4, 17, '2015-07-16 12:11:50', '2015-07-16 12:11:50'),
(275, 110, 4, 18, '2015-07-16 12:11:50', '2015-07-16 12:11:50'),
(276, 111, 4, 19, '2015-07-16 12:11:50', '2015-07-16 12:11:50'),
(277, 112, 4, 1, '2015-07-16 12:11:50', '2015-07-16 12:11:50'),
(278, 113, 5, 16, '2015-07-16 12:13:27', '2015-07-16 12:13:27'),
(279, 114, 7, 15, '2015-07-16 12:13:27', '2015-07-16 12:13:27'),
(280, 115, 5, 17, '2015-07-16 12:13:27', '2015-07-16 12:13:27'),
(281, 116, 5, 18, '2015-07-16 12:13:27', '2015-07-16 12:13:27'),
(282, 117, 3, 18, '2015-07-16 12:09:18', '2015-07-16 12:09:18'),
(283, 119, 6, 17, '2015-07-16 12:12:02', '2015-07-16 12:12:02'),
(284, 122, 7, 17, '2015-07-16 12:13:27', '2015-07-16 12:13:27'),
(285, 133, 5, 14, '2015-07-16 12:13:27', '2015-07-16 12:13:27'),
(286, 134, 5, 2, '2015-07-16 12:13:27', '2015-07-16 12:13:27'),
(287, 135, 6, 5, '2015-07-16 12:12:02', '2015-07-16 12:12:02'),
(288, 136, 6, 3, '2015-07-16 12:12:02', '2015-07-16 12:12:02'),
(289, 138, 7, 14, '2015-07-16 12:13:27', '2015-07-16 12:13:27'),
(290, 137, 2, 4, '2015-07-16 12:06:11', '2015-07-16 12:06:11'),
(291, 139, 4, 4, '2015-07-16 12:11:50', '2015-07-16 12:11:50'),
(292, 141, 3, 16, '2015-07-16 12:09:18', '2015-07-16 12:09:18'),
(293, 142, 3, 17, '2015-07-16 12:09:18', '2015-07-16 12:09:18'),
(294, 140, 3, 15, '2015-07-16 12:09:18', '2015-07-16 12:09:18'),
(295, 143, 8, 2, '2015-07-16 11:50:48', '2015-07-16 11:50:48'),
(296, 145, 3, 6, '2015-07-16 12:09:18', '2015-07-16 12:09:18'),
(297, 144, 3, 5, '2015-07-16 12:09:18', '2015-07-16 12:09:18'),
(298, 146, 7, 10, '2015-07-16 12:13:27', '2015-07-16 12:13:27'),
(299, 147, 3, 14, '2015-07-16 12:09:18', '2015-07-16 12:09:18'),
(300, 148, 6, 9, '2015-07-16 12:12:02', '2015-07-16 12:12:02'),
(301, 149, 3, 13, '2015-07-16 12:09:18', '2015-07-16 12:09:18'),
(302, 150, 8, 1, '2015-07-16 11:50:48', '2015-07-16 11:50:48'),
(303, 152, 2, 13, '2015-07-16 12:06:11', '2015-07-16 12:06:11'),
(304, 151, 2, 15, '2015-07-16 12:06:11', '2015-07-16 12:06:11'),
(305, 153, 7, 16, '2015-07-16 12:13:27', '2015-07-16 12:13:27'),
(306, 60, 5, 6, '2015-07-16 12:13:27', '2015-07-16 12:13:27'),
(307, 12, 7, 4, '2015-07-16 12:13:27', '2015-07-16 12:13:27');

-- --------------------------------------------------------

--
-- Table structure for table `glosiciel_rodzina`
--

CREATE TABLE IF NOT EXISTS `glosiciel_rodzina` (
  `id` int(11) NOT NULL AUTO_INCREMENT,
  `nazwa_rodziny` varchar(50) NOT NULL,
  `glosiciel_id` int(11) NOT NULL,
  `pozycja` int(11) NOT NULL,
  PRIMARY KEY (`id`)
) ENGINE=InnoDB DEFAULT CHARSET=utf8 AUTO_INCREMENT=1 ;

-- --------------------------------------------------------

--
-- Table structure for table `grupas`
--

CREATE TABLE IF NOT EXISTS `grupas` (
  `id` int(11) NOT NULL AUTO_INCREMENT,
  `nazwa` varchar(20) NOT NULL,
  PRIMARY KEY (`id`)
) ENGINE=InnoDB  DEFAULT CHARSET=utf8 AUTO_INCREMENT=9 ;

--
-- Dumping data for table `grupas`
--

INSERT INTO `grupas` (`id`, `nazwa`) VALUES
(0, 'nieprzypisani'),
(1, 'grupa 1'),
(2, 'grupa 2'),
(3, 'grupa 3'),
(4, 'grupa 4'),
(5, 'grupa 5'),
(6, 'grupa 6'),
(7, 'grupa 7'),
(8, 'przekazani');

-- --------------------------------------------------------

--
-- Table structure for table `teren_karta`
--

CREATE TABLE IF NOT EXISTS `teren_karta` (
  `id` int(11) NOT NULL AUTO_INCREMENT,
  `oznaczenie` varchar(15) NOT NULL,
  `miejscowosc` varchar(25) NOT NULL DEFAULT 'Warszawa',
  `opis` varchar(60) NOT NULL,
  PRIMARY KEY (`id`)
) ENGINE=InnoDB  DEFAULT CHARSET=utf8 AUTO_INCREMENT=26 ;

--
-- Dumping data for table `teren_karta`
--

INSERT INTO `teren_karta` (`id`, `oznaczenie`, `miejscowosc`, `opis`) VALUES
(1, '001', 'Warszawa', 'Broniewskiego 101 (p-V)'),
(2, '002', 'Warszawa', 'Broniewskiego 101 (VI-X)'),
(3, '018', 'Warszawa', 'Broniewskiego 95 (p-V)'),
(4, '019', 'Warszawa', 'Broniewskiego 95 (VI-X)'),
(5, '020', 'Warszawa', 'Broniewskiego 97 (p-V)'),
(6, '021', 'Warszawa', 'Broniewskiego 97 (VI-X)'),
(7, '049', 'Warszawa', 'Jarzębskiego 4'),
(8, '027', 'Warszawa', 'Daniłowskiego 6'),
(9, '050', 'Warszawa', 'Jarzębskiego 8'),
(10, '054', 'Warszawa', 'Kochanowskiego 18, 18b, 18c, 20'),
(11, '055', 'Warszawa', 'Kochanowskiego 23, 25'),
(12, '056', 'Warszawa', 'Kochanowskiego 24, 26, 28, 30'),
(13, '068', 'Warszawa', 'Kochanowskiego 48, 48a, 50'),
(14, '112', 'Warszawa', 'Rydla (cała)'),
(15, '130', 'Warszawa', 'Starej Baśni 10'),
(16, '135', 'Warszawa', 'Starej Baśni 8'),
(17, '142', 'Warszawa', 'Zgrupowania ''Żmija'' 19,19a, 21'),
(18, '145', 'Warszawa', 'Zgrupowania ''Żubr'' 3, Zgrupowania ''Żmija'' 25'),
(19, '154', 'Warszawa', 'Żeromskiego 35-51/53, Płatnicza (cała)'),
(20, '008', 'Warszawa', 'Broniewskiego 73 (p-V)'),
(21, '139', 'Warszawa', 'Zgrupowania ''Żmija'' 7,17,17a'),
(22, '040', 'Warszawa', 'Duracza 8 klatki 4 - 6'),
(23, 'T11', 'Warszawa', 'nazwiska rozpoczynające się na literę K'),
(24, 'T12', 'Warszawa', 'nazwiska rozpoczynające się na litery L, Ł'),
(25, 'T04', 'Warszawa', 'nazwiska rozpoczynające się na literę D');

-- --------------------------------------------------------

--
-- Table structure for table `teren_uklad_bloku`
--

CREATE TABLE IF NOT EXISTS `teren_uklad_bloku` (
  `id` int(11) NOT NULL AUTO_INCREMENT,
  `teren_id` int(11) NOT NULL,
  `pietro` varchar(10) NOT NULL,
  `klatka` varchar(11) NOT NULL,
  `mieszkanie` varchar(11) NOT NULL,
  PRIMARY KEY (`id`)
) ENGINE=InnoDB  DEFAULT CHARSET=utf8 COMMENT='definicja układu terenu wielorodzinnego/bloku' AUTO_INCREMENT=265 ;

--
-- Dumping data for table `teren_uklad_bloku`
--

INSERT INTO `teren_uklad_bloku` (`id`, `teren_id`, `pietro`, `klatka`, `mieszkanie`) VALUES
(134, 5, 'parter', 'klatka I', '7'),
(135, 5, 'parter', 'klatka I', '8'),
(136, 5, 'parter', 'klatka I', '20'),
(137, 5, 'parter', 'klatka I', '21'),
(138, 5, 'parter', 'klatka I', '1'),
(139, 5, 'parter', 'klatka I', '2'),
(140, 5, 'parter', 'klatka I', '3'),
(141, 5, 'parter', 'klatka I', '4'),
(142, 5, 'parter', 'klatka I', '5'),
(143, 5, 'parter', 'klatka I', '6'),
(144, 5, 'parter', 'klatka II', '9'),
(145, 5, 'parter', 'klatka II', '10'),
(146, 5, 'parter', 'klatka II', '17'),
(147, 5, 'parter', 'klatka II', '18'),
(148, 5, 'parter', 'klatka II', '19'),
(149, 5, 'parter', 'klatka II', '11'),
(150, 5, 'parter', 'klatka II', '12'),
(151, 5, 'parter', 'klatka II', '13'),
(152, 5, 'parter', 'klatka II', '14'),
(153, 5, 'parter', 'klatka II', '15'),
(154, 5, 'parter', 'klatka II', '16'),
(155, 5, 'I', 'klatka I', '28'),
(156, 5, 'I', 'klatka I', '29'),
(157, 5, 'I', 'klatka I', '42'),
(158, 5, 'I', 'klatka I', '43'),
(159, 5, 'I', 'klatka I', '22'),
(160, 5, 'I', 'klatka I', '23'),
(161, 5, 'I', 'klatka I', '24'),
(162, 5, 'I', 'klatka I', '25'),
(163, 5, 'I', 'klatka I', '26'),
(164, 5, 'I', 'klatka I', '27'),
(165, 5, 'I', 'klatka II', '30'),
(166, 5, 'I', 'klatka II', '31'),
(167, 5, 'I', 'klatka II', '32'),
(168, 5, 'I', 'klatka II', '39'),
(169, 5, 'I', 'klatka II', '40'),
(170, 5, 'I', 'klatka II', '41'),
(171, 5, 'I', 'klatka II', '33'),
(172, 5, 'I', 'klatka II', '34'),
(173, 5, 'I', 'klatka II', '35'),
(174, 5, 'I', 'klatka II', '36'),
(175, 5, 'I', 'klatka II', '37'),
(176, 5, 'I', 'klatka II', '38'),
(177, 5, 'II', 'klatka I', '50'),
(178, 5, 'II', 'klatka I', '51'),
(179, 5, 'II', 'klatka I', '64'),
(180, 5, 'II', 'klatka I', '65'),
(181, 5, 'II', 'klatka I', '44'),
(182, 5, 'II', 'klatka I', '45'),
(183, 5, 'II', 'klatka I', '46'),
(184, 5, 'II', 'klatka I', '47'),
(185, 5, 'II', 'klatka I', '48'),
(186, 5, 'II', 'klatka I', '49'),
(187, 5, 'II', 'klatka II', '52'),
(188, 5, 'II', 'klatka II', '53'),
(189, 5, 'II', 'klatka II', '54'),
(190, 5, 'II', 'klatka II', '61'),
(191, 5, 'II', 'klatka II', '62'),
(192, 5, 'II', 'klatka II', '63'),
(193, 5, 'II', 'klatka II', '55'),
(194, 5, 'II', 'klatka II', '56'),
(195, 5, 'II', 'klatka II', '57'),
(196, 5, 'II', 'klatka II', '58'),
(197, 5, 'II', 'klatka II', '59'),
(198, 5, 'II', 'klatka II', '60'),
(199, 5, 'III', 'klatka I', '72'),
(200, 5, 'III', 'klatka I', '73'),
(201, 5, 'III', 'klatka I', '86'),
(202, 5, 'III', 'klatka I', '87'),
(203, 5, 'III', 'klatka I', '66'),
(204, 5, 'III', 'klatka I', '67'),
(205, 5, 'III', 'klatka I', '68'),
(206, 5, 'III', 'klatka I', '69'),
(207, 5, 'III', 'klatka I', '70'),
(208, 5, 'III', 'klatka I', '71'),
(209, 5, 'III', 'klatka II', '74'),
(210, 5, 'III', 'klatka II', '75'),
(211, 5, 'III', 'klatka II', '76'),
(212, 5, 'III', 'klatka II', '83'),
(213, 5, 'III', 'klatka II', '84'),
(214, 5, 'III', 'klatka II', '85'),
(215, 5, 'III', 'klatka II', '77'),
(216, 5, 'III', 'klatka II', '78'),
(217, 5, 'III', 'klatka II', '79'),
(218, 5, 'III', 'klatka II', '80'),
(219, 5, 'III', 'klatka II', '81'),
(220, 5, 'III', 'klatka II', '82'),
(221, 5, 'IV', 'klatka I', '94'),
(222, 5, 'IV', 'klatka I', '95'),
(223, 5, 'IV', 'klatka I', '108'),
(224, 5, 'IV', 'klatka I', '109'),
(225, 5, 'IV', 'klatka I', '88'),
(226, 5, 'IV', 'klatka I', '89'),
(227, 5, 'IV', 'klatka I', '90'),
(228, 5, 'IV', 'klatka I', '91'),
(229, 5, 'IV', 'klatka I', '92'),
(230, 5, 'IV', 'klatka I', '93'),
(231, 5, 'IV', 'klatka II', '96'),
(232, 5, 'IV', 'klatka II', '97'),
(233, 5, 'IV', 'klatka II', '98'),
(234, 5, 'IV', 'klatka II', '105'),
(235, 5, 'IV', 'klatka II', '106'),
(236, 5, 'IV', 'klatka II', '107'),
(237, 5, 'IV', 'klatka II', '99'),
(238, 5, 'IV', 'klatka II', '100'),
(239, 5, 'IV', 'klatka II', '101'),
(240, 5, 'IV', 'klatka II', '102'),
(241, 5, 'IV', 'klatka II', '103'),
(242, 5, 'IV', 'klatka II', '104'),
(243, 5, 'V', 'klatka I', '116'),
(244, 5, 'V', 'klatka I', '117'),
(245, 5, 'V', 'klatka I', '130'),
(246, 5, 'V', 'klatka I', '131'),
(247, 5, 'V', 'klatka I', '110'),
(248, 5, 'V', 'klatka I', '111'),
(249, 5, 'V', 'klatka I', '112'),
(250, 5, 'V', 'klatka I', '113'),
(251, 5, 'V', 'klatka I', '114'),
(252, 5, 'V', 'klatka I', '115'),
(253, 5, 'V', 'klatka II', '118'),
(254, 5, 'V', 'klatka II', '119'),
(255, 5, 'V', 'klatka II', '120'),
(256, 5, 'V', 'klatka II', '127'),
(257, 5, 'V', 'klatka II', '128'),
(258, 5, 'V', 'klatka II', '129'),
(259, 5, 'V', 'klatka II', '121'),
(260, 5, 'V', 'klatka II', '122'),
(261, 5, 'V', 'klatka II', '123'),
(262, 5, 'V', 'klatka II', '124'),
(263, 5, 'V', 'klatka II', '125'),
(264, 5, 'V', 'klatka II', '126');

/*!40101 SET CHARACTER_SET_CLIENT=@OLD_CHARACTER_SET_CLIENT */;
/*!40101 SET CHARACTER_SET_RESULTS=@OLD_CHARACTER_SET_RESULTS */;
/*!40101 SET COLLATION_CONNECTION=@OLD_COLLATION_CONNECTION */;
