-- MySQL dump 10.17  Distrib 10.3.16-MariaDB, for Win64 (AMD64)
--
-- Host: localhost    Database: program
-- ------------------------------------------------------
-- Server version	10.3.16-MariaDB

/*!40101 SET @OLD_CHARACTER_SET_CLIENT=@@CHARACTER_SET_CLIENT */;
/*!40101 SET @OLD_CHARACTER_SET_RESULTS=@@CHARACTER_SET_RESULTS */;
/*!40101 SET @OLD_COLLATION_CONNECTION=@@COLLATION_CONNECTION */;
/*!40101 SET NAMES utf8mb4 */;
/*!40103 SET @OLD_TIME_ZONE=@@TIME_ZONE */;
/*!40103 SET TIME_ZONE='+00:00' */;
/*!40014 SET @OLD_UNIQUE_CHECKS=@@UNIQUE_CHECKS, UNIQUE_CHECKS=0 */;
/*!40014 SET @OLD_FOREIGN_KEY_CHECKS=@@FOREIGN_KEY_CHECKS, FOREIGN_KEY_CHECKS=0 */;
/*!40101 SET @OLD_SQL_MODE=@@SQL_MODE, SQL_MODE='NO_AUTO_VALUE_ON_ZERO' */;
/*!40111 SET @OLD_SQL_NOTES=@@SQL_NOTES, SQL_NOTES=0 */;

--
-- Current Database: `program`
--

CREATE DATABASE /*!32312 IF NOT EXISTS*/ `program` /*!40100 DEFAULT CHARACTER SET utf8 */;

USE `program`;

--
-- Table structure for table `bracia_przywileje`
--

DROP TABLE IF EXISTS `bracia_przywileje`;
/*!40101 SET @saved_cs_client     = @@character_set_client */;
/*!40101 SET character_set_client = utf8 */;
CREATE TABLE `bracia_przywileje` (
  `id` int(11) NOT NULL AUTO_INCREMENT,
  `glosiciel` varchar(100) COLLATE utf8_polish_ci NOT NULL,
  `glosiciel_id` int(11) NOT NULL,
  `czyStarszy` tinyint(1) NOT NULL DEFAULT 0,
  `czySlugaPomocniczy` tinyint(1) NOT NULL DEFAULT 0,
  `czyPionier` tinyint(1) NOT NULL DEFAULT 0,
  `czyPrzykladny` tinyint(1) NOT NULL DEFAULT 1,
  `chzis_przewodniczacy` tinyint(1) NOT NULL DEFAULT 0,
  `chzis_modlitwa` tinyint(1) NOT NULL DEFAULT 0,
  `chzis_skarby_przemowienie` tinyint(1) NOT NULL DEFAULT 0,
  `chzis_skarby_wyszukiwanie` tinyint(1) NOT NULL DEFAULT 0,
  `chzis_zycie_punkty` tinyint(1) NOT NULL DEFAULT 0,
  `czyPorzadkowy` tinyint(1) NOT NULL DEFAULT 0,
  `imie_i_nazwisko` varchar(100) COLLATE utf8_polish_ci NOT NULL,
  PRIMARY KEY (`id`)
) ENGINE=InnoDB AUTO_INCREMENT=40 DEFAULT CHARSET=utf8 COLLATE=utf8_polish_ci;
/*!40101 SET character_set_client = @saved_cs_client */;

--
-- Dumping data for table `bracia_przywileje`
--

LOCK TABLES `bracia_przywileje` WRITE;
/*!40000 ALTER TABLE `bracia_przywileje` DISABLE KEYS */;
INSERT INTO `bracia_przywileje` VALUES (1,'Sadowski Andrzej',1,1,0,0,1,1,0,0,0,0,0,'Andrzej Sadowski'),(2,'Polański Marcin',12,0,0,0,1,0,0,0,0,0,0,'Marcin Polański'),(4,'Bodzon Zbigniew',21,0,0,0,0,0,0,0,0,0,0,'Zbigniew Bodzon'),(5,'Brzeszczyński Zdzisław',22,0,0,0,0,0,0,0,0,0,0,'Zdzisław Brzeszczyński'),(7,'Dziekański Sławomir',35,0,0,0,0,0,0,0,0,0,0,'Sławomir Dziekański'),(8,'Fopp Maciej',37,1,0,0,1,0,0,0,0,0,0,'Maciej Fopp'),(9,'Grzęda Stanisław',40,0,0,0,0,0,0,0,0,0,0,'Stanisław Grzęda'),(10,'Hańka Ryszard',44,0,0,0,0,0,0,0,0,0,0,'Ryszard Hańka'),(11,'Jaskulski Jakub',50,0,0,0,0,0,0,0,0,0,0,'Jakub Jaskulski'),(12,'Jaskulski Piotr',51,0,1,0,1,0,0,0,0,0,0,'Piotr Jaskulski'),(13,'Kacprzak Sylwester',56,0,0,0,1,0,0,0,0,0,0,'Sylwester Kacprzak'),(14,'Kiliś Janusz',60,0,0,0,0,0,0,0,0,0,0,'Janusz Kiliś'),(16,'Kukulski Jan',64,0,0,0,0,0,0,0,0,0,0,'Jan Kukulski'),(17,'Liwski Jacek',68,0,0,0,0,0,0,0,0,0,0,'Jacek Liwski'),(18,'Matuszczak Rafał',73,0,1,0,1,0,0,0,0,0,0,'Rafał Matuszczak'),(19,'Monderewicz Ryszard',76,0,0,0,0,0,0,0,0,0,0,'Ryszard Monderewicz'),(20,'Pakuła Jerzy',84,0,0,0,0,0,0,0,0,0,0,'Jerzy Pakuła'),(21,'Piotrowski Piotr',86,0,0,0,1,0,0,0,0,0,0,'Piotr Piotrowski'),(22,'Richter Dawid',90,1,0,1,1,0,0,0,0,0,0,'Dawid Richter'),(23,'Rola Jarosław',92,1,0,1,1,0,0,0,0,0,0,'Jarosław Rola'),(25,'Siporski Jerzy',104,0,0,0,0,0,0,0,0,0,0,'Jerzy Siporski'),(26,'Stębnowski Tomasz',108,1,0,0,1,0,0,0,0,0,0,'Tomasz Stębnowski'),(27,'Szulc Tomasz',112,0,0,0,1,0,0,0,0,0,0,'Tomasz Szulc'),(28,'Turlejski Rafał',120,0,0,0,0,0,0,0,0,0,0,'Rafał Turlejski'),(29,'Wilczyński Marek',124,1,0,0,1,0,0,0,0,0,0,'Marek Wilczyński'),(30,'Wilczyński Mateusz',125,0,1,0,1,0,0,0,0,0,0,'Mateusz Wilczyński'),(31,'Wójcik Adam',131,0,0,0,0,0,0,0,0,0,0,'Adam Wójcik'),(32,'Wójcik Andrzej',132,0,1,0,1,0,0,0,0,0,0,'Andrzej Wójcik'),(34,'Żbikowski Artur',138,1,0,0,1,0,0,0,0,0,0,'Artur Żbikowski'),(35,'Żbikowski Michał',139,0,0,0,1,0,0,0,0,0,0,'Michał Żbikowski'),(39,'Kozłowski Andrzej',148,0,0,0,1,0,0,0,0,0,0,'Andrzej Kozłowski');
/*!40000 ALTER TABLE `bracia_przywileje` ENABLE KEYS */;
UNLOCK TABLES;

--
-- Table structure for table `glosiciel_dobra_opinia`
--

DROP TABLE IF EXISTS `glosiciel_dobra_opinia`;
/*!40101 SET @saved_cs_client     = @@character_set_client */;
/*!40101 SET character_set_client = utf8 */;
CREATE TABLE `glosiciel_dobra_opinia` (
  `id` int(11) NOT NULL AUTO_INCREMENT,
  `glosiciel_id` int(11) NOT NULL,
  `updated_at` timestamp NOT NULL DEFAULT current_timestamp(),
  PRIMARY KEY (`id`)
) ENGINE=InnoDB AUTO_INCREMENT=100 DEFAULT CHARSET=utf8 COLLATE=utf8_polish_ci;
/*!40101 SET character_set_client = @saved_cs_client */;

--
-- Dumping data for table `glosiciel_dobra_opinia`
--

LOCK TABLES `glosiciel_dobra_opinia` WRITE;
/*!40000 ALTER TABLE `glosiciel_dobra_opinia` DISABLE KEYS */;
INSERT INTO `glosiciel_dobra_opinia` VALUES (1,1,'2019-02-21 19:46:54'),(2,2,'2019-02-21 19:46:54'),(3,6,'2019-02-21 19:46:54'),(4,7,'2019-02-21 19:46:54'),(5,9,'2019-02-21 19:46:54'),(6,10,'2019-02-21 19:46:54'),(7,11,'2019-02-21 19:46:54'),(8,12,'2019-02-21 19:46:54'),(10,36,'2019-02-21 19:46:54'),(11,37,'2019-02-21 19:46:54'),(12,48,'2019-02-21 19:46:54'),(13,51,'2019-02-21 19:46:54'),(14,55,'2019-02-21 19:46:54'),(15,56,'2019-02-21 19:46:54'),(16,63,'2019-02-21 19:46:54'),(17,71,'2019-02-21 19:46:54'),(18,73,'2019-02-21 19:46:54'),(19,81,'2019-02-21 19:46:54'),(20,90,'2019-02-21 19:46:54'),(21,91,'2019-02-21 19:46:54'),(22,92,'2019-02-21 19:46:54'),(23,93,'2019-02-21 19:46:54'),(24,107,'2019-02-21 19:46:54'),(25,108,'2019-02-21 19:46:54'),(26,116,'2019-02-21 19:46:54'),(27,122,'2019-02-21 19:46:54'),(28,124,'2019-02-21 19:46:54'),(29,125,'2019-02-21 19:46:54'),(30,132,'2019-02-21 19:46:54'),(31,133,'2019-02-21 19:46:54'),(32,137,'2019-02-21 19:46:54'),(33,138,'2019-02-21 19:46:54'),(34,139,'2019-02-21 19:46:54'),(35,148,'2019-02-21 19:46:54'),(36,150,'2019-02-21 19:46:54'),(37,151,'2019-02-21 19:46:54'),(94,17,'2019-02-22 11:36:38'),(95,17,'2019-02-22 11:36:38'),(96,17,'2019-02-22 11:36:47'),(97,17,'2019-02-22 11:36:47'),(98,19,'2019-02-22 11:37:22'),(99,19,'2019-02-22 11:37:22');
/*!40000 ALTER TABLE `glosiciel_dobra_opinia` ENABLE KEYS */;
UNLOCK TABLES;

--
-- Table structure for table `glosiciel_grupa`
--

DROP TABLE IF EXISTS `glosiciel_grupa`;
/*!40101 SET @saved_cs_client     = @@character_set_client */;
/*!40101 SET character_set_client = utf8 */;
CREATE TABLE `glosiciel_grupa` (
  `id` int(11) NOT NULL AUTO_INCREMENT,
  `glosiciel_id` int(11) NOT NULL,
  `grupa_id` int(11) NOT NULL,
  `pozycja` int(11) NOT NULL,
  `created_at` timestamp NOT NULL DEFAULT current_timestamp(),
  `updated_at` timestamp NOT NULL DEFAULT '0000-00-00 00:00:00',
  PRIMARY KEY (`id`)
) ENGINE=InnoDB AUTO_INCREMENT=121 DEFAULT CHARSET=utf8 COLLATE=utf8_polish_ci;
/*!40101 SET character_set_client = @saved_cs_client */;

--
-- Dumping data for table `glosiciel_grupa`
--

LOCK TABLES `glosiciel_grupa` WRITE;
/*!40000 ALTER TABLE `glosiciel_grupa` DISABLE KEYS */;
INSERT INTO `glosiciel_grupa` VALUES (1,1,1,1,'2018-03-21 10:41:56','2018-11-26 13:05:59'),(2,17,3,2,'2018-03-21 10:56:16','2018-03-21 11:19:51'),(3,37,4,1,'2018-03-21 10:56:16','2018-03-21 11:20:29'),(4,18,0,1,'2018-03-21 10:56:16','2018-11-26 13:05:59'),(5,19,4,2,'2018-03-21 10:56:16','2018-03-21 11:20:29'),(6,20,0,2,'2018-03-21 10:56:16','2018-11-26 13:05:59'),(7,21,6,2,'2018-03-21 10:56:16','2018-03-21 11:23:42'),(8,22,4,3,'2018-03-21 10:56:16','2018-03-21 11:20:29'),(9,3,1,2,'2018-03-21 10:56:16','2018-11-26 13:05:59'),(10,27,5,2,'2018-03-21 10:56:16','2018-03-21 11:20:53'),(11,28,5,3,'2018-03-21 10:56:16','2018-03-21 11:20:53'),(12,31,5,4,'2018-03-21 10:56:16','2018-03-21 11:20:53'),(13,33,0,3,'2018-03-21 10:56:17','2018-11-26 13:05:59'),(14,35,2,2,'2018-03-21 10:56:17','2018-03-21 11:19:19'),(15,36,4,4,'2018-03-21 10:56:17','2018-03-21 11:20:29'),(16,40,5,5,'2018-03-21 10:56:17','2018-03-21 11:20:53'),(17,41,6,3,'2018-03-21 10:56:17','2018-03-21 11:23:42'),(18,42,3,3,'2018-03-21 10:56:17','2018-03-21 11:19:51'),(19,43,7,2,'2018-03-21 10:56:17','2018-03-21 11:25:08'),(20,44,3,4,'2018-03-21 10:56:17','2018-03-21 11:19:51'),(21,45,7,3,'2018-03-21 10:56:17','2018-03-21 11:25:08'),(22,47,2,3,'2018-03-21 10:56:17','2018-03-21 11:19:19'),(23,48,2,4,'2018-03-21 10:56:17','2018-03-21 11:19:19'),(24,49,0,4,'2018-03-21 10:56:17','2018-11-26 13:05:59'),(25,50,2,5,'2018-03-21 10:56:17','2018-03-21 11:19:19'),(26,51,2,6,'2018-03-21 10:56:17','2018-03-21 11:19:19'),(27,55,2,8,'2018-03-21 10:56:17','2018-03-21 11:19:19'),(28,56,2,9,'2018-03-21 10:56:17','2018-03-21 11:19:19'),(29,57,1,3,'2018-03-21 10:56:17','2018-11-26 13:05:59'),(30,59,7,4,'2018-03-21 10:56:17','2018-03-21 11:25:08'),(31,60,2,12,'2018-03-21 10:56:17','2018-03-21 11:19:19'),(32,46,2,7,'2018-03-21 10:56:17','2018-03-21 11:19:19'),(33,6,7,5,'2018-03-21 10:56:17','2018-03-21 11:25:08'),(34,61,3,7,'2018-03-21 10:56:17','2018-03-21 11:19:51'),(35,62,3,8,'2018-03-21 10:56:17','2018-03-21 11:19:51'),(36,148,3,5,'2018-03-21 10:56:17','2018-03-21 11:19:51'),(37,63,4,5,'2018-03-21 10:56:17','2018-03-21 11:20:29'),(38,64,4,6,'2018-03-21 10:56:17','2018-03-21 11:20:29'),(39,65,3,11,'2018-03-21 10:56:17','2018-03-21 11:19:51'),(40,66,4,7,'2018-03-21 10:56:17','2018-03-21 11:20:29'),(41,67,3,6,'2018-03-21 10:56:17','2018-03-21 11:19:51'),(42,68,3,9,'2018-03-21 10:56:17','2018-03-21 11:19:51'),(43,7,7,6,'2018-03-21 10:56:17','2018-03-21 11:25:08'),(44,70,6,4,'2018-03-21 10:56:17','2018-03-21 11:23:42'),(45,72,1,4,'2018-03-21 10:56:17','2018-11-26 13:05:59'),(46,71,1,5,'2018-03-21 10:56:17','2018-11-26 13:05:59'),(47,73,1,6,'2018-03-21 10:56:17','2018-11-26 13:05:59'),(48,74,5,6,'2018-03-21 10:56:17','2018-03-21 11:20:53'),(49,144,2,10,'2018-03-21 10:56:17','2018-03-21 11:19:19'),(50,145,2,11,'2018-03-21 10:56:17','2018-03-21 11:19:19'),(51,75,6,5,'2018-03-21 10:56:17','2018-03-21 11:23:42'),(52,76,6,6,'2018-03-21 10:56:17','2018-03-21 11:23:42'),(53,78,5,10,'2018-03-21 10:56:17','2018-03-21 11:20:53'),(54,79,7,7,'2018-03-21 10:56:17','2018-03-21 11:25:08'),(55,8,1,7,'2018-03-21 10:56:17','2018-11-26 13:05:59'),(56,81,2,13,'2018-03-21 10:56:17','2018-03-21 11:19:19'),(57,147,4,8,'2018-03-21 10:56:17','2018-03-21 11:20:29'),(58,146,4,9,'2018-03-21 10:56:17','2018-03-21 11:20:29'),(59,9,7,8,'2018-03-21 10:56:17','2018-03-21 11:25:08'),(60,10,7,9,'2018-03-21 10:56:17','2018-03-21 11:25:08'),(61,84,4,11,'2018-03-21 10:56:17','2018-03-21 11:20:29'),(62,85,3,10,'2018-03-21 10:56:17','2018-03-21 11:19:51'),(63,86,3,12,'2018-03-21 10:56:17','2018-03-21 11:19:51'),(64,11,1,9,'2018-03-21 10:56:17','2018-11-26 13:05:59'),(65,12,1,10,'2018-03-21 10:56:17','2018-11-26 13:05:59'),(66,89,6,7,'2018-03-21 10:56:17','2018-03-21 11:23:42'),(67,150,3,13,'2018-03-21 10:56:17','2018-03-21 11:19:51'),(68,90,2,1,'2018-03-21 10:56:17','2018-03-21 11:19:19'),(69,91,2,14,'2018-03-21 10:56:17','2018-03-21 11:19:19'),(70,92,7,1,'2018-03-21 10:56:17','2018-03-21 11:25:08'),(71,93,7,10,'2018-03-21 10:56:17','2018-03-21 11:25:08'),(72,94,6,8,'2018-03-21 10:56:17','2018-03-21 11:23:42'),(73,95,6,9,'2018-03-21 10:56:17','2018-03-21 11:23:42'),(74,2,1,11,'2018-03-21 10:56:17','2018-11-26 13:05:59'),(75,149,1,12,'2018-03-21 10:56:17','2018-11-26 13:05:59'),(76,15,1,13,'2018-03-21 10:56:17','2018-11-26 13:05:59'),(77,16,1,14,'2018-03-21 10:56:17','2018-11-26 13:05:59'),(78,98,4,13,'2018-03-21 10:56:17','2018-03-21 11:20:29'),(79,99,2,15,'2018-03-21 10:56:17','2018-03-21 11:19:19'),(80,100,7,11,'2018-03-21 10:56:17','2018-03-21 11:25:08'),(81,101,7,12,'2018-03-21 10:56:17','2018-03-21 11:25:08'),(82,102,7,13,'2018-03-21 10:56:17','2018-03-21 11:25:08'),(83,103,7,15,'2018-03-21 10:56:17','2018-03-21 11:25:08'),(84,104,7,16,'2018-03-21 10:56:17','2018-03-21 11:25:08'),(85,116,6,10,'2018-03-21 10:56:17','2018-03-21 11:23:42'),(86,13,1,15,'2018-03-21 10:56:17','2018-11-26 13:05:59'),(87,119,5,7,'2018-03-21 10:56:17','2018-03-21 11:20:53'),(88,107,6,11,'2018-03-21 10:56:17','2018-03-21 11:23:42'),(89,108,6,1,'2018-03-21 10:56:17','2018-03-21 11:23:42'),(90,14,1,16,'2018-03-21 10:56:17','2018-11-26 13:05:59'),(91,110,6,13,'2018-03-21 10:56:17','2018-03-21 11:23:42'),(92,111,5,8,'2018-03-21 10:56:17','2018-03-21 11:20:53'),(93,112,5,9,'2018-03-21 10:56:17','2018-03-21 11:20:53'),(94,113,0,6,'2018-03-21 10:56:17','2018-11-26 13:05:59'),(95,117,4,14,'2018-03-21 10:56:17','2018-03-21 11:20:29'),(96,120,5,11,'2018-03-21 10:56:17','2018-03-21 11:20:53'),(97,121,2,16,'2018-03-21 10:56:17','2018-03-21 11:19:19'),(98,122,5,14,'2018-03-21 10:56:17','2018-03-21 11:20:53'),(99,124,5,1,'2018-03-21 10:56:17','2018-03-21 11:20:53'),(100,125,6,14,'2018-03-21 10:56:17','2018-03-21 11:23:42'),(101,126,4,15,'2018-03-21 10:56:17','2018-03-21 11:20:29'),(102,128,0,7,'2018-03-21 10:56:17','2018-11-26 13:05:59'),(103,131,2,17,'2018-03-21 10:56:17','2018-03-21 11:19:19'),(104,151,5,15,'2018-03-21 10:56:17','2018-03-21 11:20:53'),(105,132,5,16,'2018-03-21 10:56:17','2018-03-21 11:20:53'),(106,133,2,18,'2018-03-21 10:56:17','2018-03-21 11:19:19'),(107,129,4,16,'2018-03-21 10:56:17','2018-03-21 11:20:29'),(108,130,7,17,'2018-03-21 10:56:17','2018-03-21 11:25:08'),(109,134,4,10,'2018-03-21 10:56:17','2018-03-21 11:20:29'),(110,135,4,12,'2018-03-21 10:56:17','2018-03-21 11:20:29'),(111,137,3,14,'2018-03-21 10:56:17','2018-03-21 11:19:51'),(112,138,3,1,'2018-03-21 10:56:17','2018-03-21 11:19:51'),(113,139,3,15,'2018-03-21 10:56:17','2018-03-21 11:19:51'),(114,140,5,12,'2018-03-21 10:56:17','2018-03-21 11:20:53'),(115,141,5,13,'2018-03-21 10:56:17','2018-03-21 11:20:53'),(116,136,0,8,'2018-03-21 10:56:17','2018-11-26 13:05:59'),(117,105,6,12,'2018-03-21 11:23:42','2018-03-21 11:23:42'),(118,153,7,14,'2018-03-21 11:25:08','2018-03-21 11:25:08'),(119,154,0,5,'2018-11-26 13:05:59','2018-11-26 13:05:59'),(120,155,1,8,'2018-11-26 13:05:59','2018-11-26 13:05:59');
/*!40000 ALTER TABLE `glosiciel_grupa` ENABLE KEYS */;
UNLOCK TABLES;

--
-- Table structure for table `glosiciel_przykladny`
--

DROP TABLE IF EXISTS `glosiciel_przykladny`;
/*!40101 SET @saved_cs_client     = @@character_set_client */;
/*!40101 SET character_set_client = utf8 */;
CREATE TABLE `glosiciel_przykladny` (
  `id` int(11) NOT NULL AUTO_INCREMENT,
  `glosiciel_id` int(11) NOT NULL,
  `updated_at` timestamp NOT NULL DEFAULT current_timestamp(),
  PRIMARY KEY (`id`)
) ENGINE=InnoDB AUTO_INCREMENT=38 DEFAULT CHARSET=utf8 COLLATE=utf8_polish_ci;
/*!40101 SET character_set_client = @saved_cs_client */;

--
-- Dumping data for table `glosiciel_przykladny`
--

LOCK TABLES `glosiciel_przykladny` WRITE;
/*!40000 ALTER TABLE `glosiciel_przykladny` DISABLE KEYS */;
INSERT INTO `glosiciel_przykladny` VALUES (1,1,'2019-02-21 19:46:36'),(2,2,'2019-02-21 19:46:36'),(3,6,'2019-02-21 19:46:36'),(4,7,'2019-02-21 19:46:36'),(5,9,'2019-02-21 19:46:36'),(6,10,'2019-02-21 19:46:36'),(7,11,'2019-02-21 19:46:36'),(8,12,'2019-02-21 19:46:36'),(9,19,'2019-02-21 19:46:36'),(10,36,'2019-02-21 19:46:36'),(11,37,'2019-02-21 19:46:36'),(12,48,'2019-02-21 19:46:36'),(13,51,'2019-02-21 19:46:36'),(14,55,'2019-02-21 19:46:36'),(15,56,'2019-02-21 19:46:36'),(16,63,'2019-02-21 19:46:36'),(17,71,'2019-02-21 19:46:36'),(18,73,'2019-02-21 19:46:36'),(19,81,'2019-02-21 19:46:36'),(20,90,'2019-02-21 19:46:36'),(21,91,'2019-02-21 19:46:36'),(22,92,'2019-02-21 19:46:36'),(23,93,'2019-02-21 19:46:36'),(24,107,'2019-02-21 19:46:36'),(25,108,'2019-02-21 19:46:36'),(26,116,'2019-02-21 19:46:36'),(27,122,'2019-02-21 19:46:36'),(28,124,'2019-02-21 19:46:36'),(29,125,'2019-02-21 19:46:36'),(30,132,'2019-02-21 19:46:36'),(31,133,'2019-02-21 19:46:36'),(32,137,'2019-02-21 19:46:36'),(33,138,'2019-02-21 19:46:36'),(34,139,'2019-02-21 19:46:36'),(35,148,'2019-02-21 19:46:36'),(36,150,'2019-02-21 19:46:36'),(37,151,'2019-02-21 19:46:36');
/*!40000 ALTER TABLE `glosiciel_przykladny` ENABLE KEYS */;
UNLOCK TABLES;

--
-- Table structure for table `glosiciels`
--

DROP TABLE IF EXISTS `glosiciels`;
/*!40101 SET @saved_cs_client     = @@character_set_client */;
/*!40101 SET character_set_client = utf8 */;
CREATE TABLE `glosiciels` (
  `id` int(10) unsigned NOT NULL AUTO_INCREMENT,
  `nazwisko` varchar(191) CHARACTER SET utf8mb4 COLLATE utf8mb4_unicode_ci NOT NULL,
  `imie` varchar(191) CHARACTER SET utf8mb4 COLLATE utf8mb4_unicode_ci NOT NULL,
  `adres` varchar(191) CHARACTER SET utf8mb4 COLLATE utf8mb4_unicode_ci DEFAULT NULL,
  `telDomowy` varchar(20) COLLATE utf8mb4_polish_ci NOT NULL,
  `telKomorkowy` varchar(20) COLLATE utf8mb4_polish_ci NOT NULL,
  `plec` varchar(191) CHARACTER SET utf8mb4 COLLATE utf8mb4_unicode_ci NOT NULL,
  `dataUrodzenia` date DEFAULT NULL,
  `dataChrztu` date DEFAULT NULL,
  `czyStarszy` tinyint(1) NOT NULL DEFAULT 0,
  `czySlugaPomocniczy` tinyint(1) NOT NULL DEFAULT 0,
  `czyPionier` tinyint(1) NOT NULL DEFAULT 0,
  `czyNieczynny` tinyint(1) NOT NULL DEFAULT 0,
  `nrPioniera` int(11) DEFAULT NULL,
  `created_at` timestamp NULL DEFAULT NULL,
  `updated_at` timestamp NULL DEFAULT NULL,
  `aktualny` tinyint(1) NOT NULL DEFAULT 1,
  `czyZbiorki` tinyint(1) NOT NULL DEFAULT 0,
  `czyPrzykladny` tinyint(1) NOT NULL DEFAULT 1,
  `czyOchrzczony` tinyint(4) NOT NULL DEFAULT 1,
  PRIMARY KEY (`id`)
) ENGINE=InnoDB AUTO_INCREMENT=157 DEFAULT CHARSET=utf8mb4 COLLATE=utf8mb4_polish_ci;
/*!40101 SET character_set_client = @saved_cs_client */;

--
-- Dumping data for table `glosiciels`
--

LOCK TABLES `glosiciels` WRITE;
/*!40000 ALTER TABLE `glosiciels` DISABLE KEYS */;
INSERT INTO `glosiciels` VALUES (1,'Sadowski','Andrzej','01-864 Warszawa, ul. Jana Kochanowskiego 52 m. 28','','','mężczyzna','1973-06-14','1989-08-05',1,0,0,0,NULL,NULL,'2017-11-15 13:36:57',1,0,1,1),(2,'Sadowska','Barbara','01-864 Warszawa, ul. Jana Kochanowskiego 52 m. 28','','','kobieta','1975-12-03','1989-08-05',0,0,0,0,NULL,NULL,'2019-02-21 19:04:55',1,0,1,1),(3,'Chrzanowska','Aneta','01-960 Warszawa, ul. Przy Agorze 17 m.52','','','kobieta','1971-05-17','1998-07-18',0,0,0,1,NULL,NULL,'2018-02-21 08:30:21',1,0,0,1),(6,'Kostun','Eliza','01-842 Warszawa, al. Władysława Reymonta 30 m. 29','','','kobieta','1982-05-27','2010-10-17',0,0,0,0,NULL,NULL,'2019-02-21 19:04:23',1,1,1,1),(7,'Łyszcz','Mariola','01-871 Warszawa, ul. Jana Kasprowicza 62 m. 45','','','kobieta','1968-09-07','1990-05-05',0,0,0,0,NULL,NULL,'2019-02-21 19:04:30',1,1,1,1),(8,'Olton','Maria','01-910 Warszawa, ul. Lwa Tołstoja 1 m. 240','','','kobieta','1952-09-19','1993-07-01',0,0,0,0,NULL,NULL,'2019-01-16 14:17:49',1,0,0,1),(9,'Pająk','Anna','01-913 Warszawa, ul. Williama Szekspira 2 m. 326','','','kobieta','1963-05-09','1991-07-01',0,0,0,0,NULL,NULL,'2019-02-21 19:04:41',1,0,1,1),(10,'Pająk','Wiesław','01-913 Warszawa, ul. Williama Szekspira 2 m. 326','','','kobieta','1960-02-26','1992-07-18',0,1,0,0,NULL,NULL,'2017-11-15 13:36:36',1,0,1,1),(11,'Polańska','Karolina','01-845 Warszawa, ul. Efraima Schroegera 91 m. 13','','','kobieta','1989-08-18','2009-07-25',0,0,0,0,NULL,NULL,'2019-02-21 19:04:45',1,0,1,1),(12,'Polański','Marcin','01-845 Warszawa, ul. Efraima Schroegera 91 m. 13','','','mężczyzna','1982-12-29','2004-07-17',0,0,0,0,NULL,NULL,'2019-02-21 19:04:47',1,1,1,1),(13,'Stankiewicz','Alicja','01-960 Warszawa, ul. Przy Agorze 17 m. 33','','','kobieta','1934-08-25','1996-02-24',0,0,0,0,NULL,NULL,'2019-01-16 14:19:28',1,0,0,1),(14,'Sumpor','Halina','01-848 Warszawa, ul. Skalbmierska 18 m. 14','','','kobieta','1946-06-16','1966-06-26',0,0,0,0,NULL,NULL,'2019-01-16 14:19:37',1,1,0,1),(15,'Ściborowska','Izabela','01-960 Warszawa, ul. Przy Agorze 17 m. 95','22-828-81-22','607-092-107','kobieta','1958-01-18','1995-03-11',0,0,0,0,NULL,NULL,'2019-01-16 14:19:21',1,0,0,1),(16,'Ściborowska','Marta','01-960 Warszawa, ul. Przy Agorze 17 m. 95','22-828-81-22','','kobieta','1991-02-05','2009-10-25',0,0,0,0,NULL,NULL,'2019-01-16 14:19:22',1,0,0,1),(17,'Adamczyk','Stanisława','Warszawa, Kasprowicza 66 m. 68','22-865-05-46','','kobieta',NULL,NULL,0,0,0,0,NULL,NULL,'2019-01-16 14:15:59',1,0,0,1),(18,'Adamski','Kazimierz',NULL,'','','mężczyzna',NULL,NULL,0,0,0,1,NULL,NULL,'2018-02-21 09:42:42',1,0,0,1),(19,'Bałaban','Teresa','Warszawa, Makuszyńskiego 10 m. 7','','662-285-22','kobieta',NULL,NULL,0,0,0,0,NULL,NULL,'2019-02-21 19:04:07',1,1,1,1),(20,'Bartosiak','Maria',NULL,'','','kobieta',NULL,NULL,0,0,0,1,NULL,NULL,'2018-02-21 08:29:51',1,0,0,1),(21,'Bodzon','Zbigniew',NULL,'','','mężczyzna',NULL,NULL,0,0,0,1,NULL,NULL,'2018-02-21 08:30:13',1,0,0,1),(22,'Brzeszczyński','Zdzisław','Warszawa, Marymoncka 83/87 m. 17','22-864-23-29','','mężczyzna',NULL,NULL,0,0,0,0,NULL,NULL,'2019-01-16 14:17:17',1,0,0,1),(23,'Budner','Marek','Warszawa, Wrzeciono 5 m. 17','','669-385-38','mężczyzna',NULL,NULL,0,0,0,0,NULL,NULL,NULL,0,0,0,1),(24,'Budner','Sara','Warszawa, Wrzeciono 5 m. 17','','669-441-94','kobieta',NULL,NULL,0,0,0,0,NULL,NULL,NULL,0,0,0,1),(26,'Cieplik','Anna','Warszawa, Kiwerska 16 m. 22','22-833-79-02','668-058-02','kobieta',NULL,NULL,0,0,0,0,NULL,NULL,NULL,0,0,0,1),(27,'Cieplik','Danuta',NULL,'22-832-18-92','','kobieta',NULL,NULL,0,0,0,1,NULL,NULL,'2018-02-21 13:45:46',1,0,0,1),(28,'Cieplik','Ewa','Warszawa, Smoleńskiego 27A m. 46','','606-683-69','kobieta',NULL,NULL,0,0,0,0,NULL,NULL,'2019-01-16 14:16:09',1,0,0,1),(29,'Cieplik','Marcin','Warszawa, Kiwerska 16 m. 22','22-833-79-02','694-150-61','mężczyzna',NULL,NULL,0,0,0,0,NULL,NULL,NULL,0,0,0,1),(30,'Czerska','Izabela',NULL,'22-833-20-85','662-351-41','kobieta',NULL,NULL,0,0,0,0,NULL,NULL,'2018-02-21 09:17:18',0,0,0,1),(31,'Dąbrowska','Magdalena','Warszawa, Klaudyny 30 m. 5','22-832-13-28','508-138-58','kobieta',NULL,NULL,0,0,0,0,NULL,NULL,'2019-01-16 14:16:10',1,0,0,1),(33,'Dołowski','Kamil',NULL,'','','mężczyzna',NULL,NULL,0,0,0,1,NULL,NULL,'2018-02-21 08:30:30',1,0,0,0),(35,'Dziekański','Sławomir','Warszawa, Gołuchowska 1 m. 42','','607-511-24','mężczyzna',NULL,NULL,0,0,0,0,NULL,NULL,'2019-01-16 14:17:18',1,0,0,1),(36,'Fopp','Anna','Warszawa, Klaudyny 36 m. 16','','607-221-24','kobieta',NULL,NULL,0,0,0,0,NULL,NULL,'2019-02-21 19:03:58',1,0,1,1),(37,'Fopp','Maciej','Warszawa, Klaudyny 36 m. 16','','502-020-22','mężczyzna',NULL,NULL,1,0,0,0,NULL,NULL,'2018-02-21 08:30:38',1,1,1,1),(38,'Gabrych','Dariusz','Warszawa, Reymonta 23 m. 100','','539-811-22','mężczyzna',NULL,NULL,0,0,0,0,NULL,NULL,'2018-02-21 09:16:08',0,0,0,1),(39,'Gabrych','Katarzyna','Warszawa, Reymonta 23 m. 100','','530-068-52','kobieta',NULL,NULL,0,0,0,0,NULL,NULL,'2018-02-21 09:15:01',0,0,0,1),(40,'Grzęda','Stanisław',NULL,'','','mężczyzna',NULL,NULL,0,0,0,0,NULL,NULL,'2019-01-16 14:16:14',1,0,0,1),(41,'Gwiazdowicz','Krystyna','Warszawa, Gwiaździsta 27 m. 310','22-833-20-04','606-575-31','kobieta',NULL,NULL,0,0,0,0,NULL,NULL,'2019-01-16 14:16:15',1,0,0,1),(42,'Hańka','Anna','Warszawa, Reymonta 24 m. 5','','511-793-94','kobieta',NULL,NULL,0,0,0,0,NULL,NULL,'2019-01-16 14:16:16',1,0,0,1),(43,'Hańka','Jadwiga','Warszawa, Reymonta 24 m. 5','','507-634-85','kobieta',NULL,NULL,0,0,0,0,NULL,NULL,'2019-01-16 14:16:18',1,0,0,1),(44,'Hańka','Ryszard','Warszawa, Reymonta 24 m. 5','22-663-48-68','510-654-09','mężczyzna',NULL,NULL,0,0,0,0,NULL,NULL,'2019-01-16 14:17:24',1,1,0,1),(45,'Hutnik','Elżbieta',NULL,'','','kobieta',NULL,NULL,0,0,0,1,NULL,NULL,'2018-02-21 08:31:06',1,0,0,1),(46,'Konieczna','Jadwiga',NULL,'','','kobieta',NULL,NULL,0,0,0,1,NULL,NULL,'2018-02-21 09:18:00',1,0,0,1),(47,'Jarząbek','Alina','Warszawa, Andersena 1A m. 37','','693-328-20','kobieta',NULL,NULL,0,0,0,0,NULL,NULL,'2019-01-16 14:16:20',1,1,0,1),(48,'Jaskulska','Małgorzata','Warszawa, Reymonta 34 m. 2','','','kobieta',NULL,NULL,0,0,0,0,NULL,NULL,'2019-02-21 19:04:15',1,0,1,1),(49,'Jaskulska','Marzena',NULL,'','','kobieta',NULL,NULL,0,0,0,1,NULL,NULL,'2018-02-21 13:48:39',1,0,0,1),(50,'Jaskulski','Jakub','Warszawa, Reymonta 34 m. 2','22-835-11-90','','mężczyzna',NULL,NULL,0,0,0,0,NULL,NULL,'2019-01-16 14:17:26',1,0,0,1),(51,'Jaskulski','Piotr','Warszawa, Reymonta 34 m. 2','','502-872-70','mężczyzna',NULL,NULL,0,1,0,0,NULL,NULL,'2018-02-21 08:31:30',1,1,1,1),(52,'Joźwiak','Ewa',NULL,'','','kobieta',NULL,NULL,0,0,0,0,NULL,NULL,'2018-02-21 09:14:55',0,0,0,1),(53,'Joźwiak','Marek',NULL,'','','mężczyzna',NULL,NULL,0,0,0,0,NULL,NULL,'2018-02-21 09:17:45',0,0,0,1),(54,'Jóźwiak','Agnieszka',NULL,'','','kobieta',NULL,NULL,0,0,0,0,NULL,NULL,'2018-02-21 09:14:28',0,0,0,1),(55,'Kacprzak','Irena','Warszawa, Żeromskiego 52/62 m. 12','','692-314-39','kobieta',NULL,NULL,0,0,0,0,NULL,NULL,'2019-02-21 19:04:20',1,0,1,1),(56,'Kacprzak','Sylwester','Warszawa, Żeromskiego 52/62 m. 12','','692-033-01','mężczyzna',NULL,NULL,0,0,0,0,NULL,NULL,'2018-02-21 09:09:16',1,1,1,1),(57,'Kadłubowska','Elżbieta',NULL,'','','kobieta',NULL,NULL,0,0,0,1,NULL,NULL,'2018-02-21 09:17:53',1,0,0,1),(59,'Karpińska','Jadwiga','Warszawa, Andersena 5 m. 67','','607-250-48','kobieta',NULL,NULL,0,0,0,0,NULL,NULL,'2019-01-16 14:16:24',1,0,0,1),(60,'Kiliś','Janusz','Warszawa, Andersena 2 m. 259','22-864-26-16','','mężczyzna',NULL,NULL,0,0,0,0,NULL,NULL,'2019-01-16 14:17:34',1,0,0,1),(61,'Kozera','Dawid',NULL,'','','mężczyzna',NULL,NULL,0,0,0,1,NULL,NULL,'2018-02-21 09:18:04',1,0,0,1),(62,'Kozera','Ewa',NULL,'','','kobieta',NULL,NULL,0,0,0,1,NULL,NULL,'2018-02-21 09:18:07',1,0,0,1),(63,'Kukulska','Henryka','Warszawa, Marymoncka 83/87 m. 27','22-669-08-56','513-480-91','kobieta',NULL,NULL,0,0,0,0,NULL,NULL,'2019-02-21 19:04:26',1,0,1,1),(64,'Kukulski','Jan','Warszawa, Marymoncka 83/87 m. 27','22-669-08-56','502-759-10','mężczyzna',NULL,NULL,0,0,0,0,NULL,NULL,'2019-02-21 18:56:28',1,1,0,1),(65,'Kurowska','Maja',NULL,'','','kobieta',NULL,NULL,0,0,0,1,NULL,NULL,'2018-02-21 09:18:13',1,0,0,1),(66,'Kurowska','Zofia','Warszawa, Dorycka 7 m. 126','22-834-95-27','','kobieta',NULL,NULL,0,0,0,0,NULL,NULL,'2019-01-16 14:16:30',1,0,0,1),(67,'Liwska','Magdalena','Warszawa, Kasprowicza 35 m. 18','22-291-67-75','694-570-13','kobieta',NULL,NULL,0,0,0,0,NULL,NULL,'2019-01-16 14:16:31',1,0,0,1),(68,'Liwski','Jacek','Warszawa, Kasprowicza 35 m. 18','','661-629-52','mężczyzna',NULL,NULL,0,0,0,0,NULL,NULL,'2019-01-16 14:17:35',1,1,0,1),(70,'Matulińska','Wanda','Warszawa, Klaudyny 12 m. 85','22-832-39-86','880-829-52','kobieta',NULL,NULL,0,0,0,0,NULL,NULL,'2019-01-16 14:17:37',1,0,0,1),(71,'Matuszczak','Anna','Warszawa, Kasprowicza 81/85 m. 40','','664-964-01','kobieta',NULL,NULL,0,0,0,0,NULL,NULL,'2019-02-21 19:04:34',1,0,1,1),(72,'Matuszczak','Aleksandra','Warszawa, Kasprowicza 81/85 m. 40','','','kobieta',NULL,NULL,0,0,0,0,NULL,NULL,'2019-01-16 14:17:38',1,0,0,0),(73,'Matuszczak','Rafał','Warszawa, Kasprowicza 81/85 m. 40','','608-161-47','mężczyzna',NULL,NULL,0,0,0,0,NULL,NULL,'2019-01-16 13:55:33',1,1,1,1),(74,'Matuszewska','Magdalena','Warszawa, Zabłocińska 6 m. 38','22-833-48-23','','kobieta',NULL,NULL,0,0,0,0,NULL,NULL,'2019-01-16 14:17:46',1,0,0,1),(75,'Michniewska','Anna','Warszawa, Gwiaździsta 25 m. 74','22-833-11-96','601-514-52','kobieta',NULL,NULL,0,0,0,0,NULL,NULL,'2019-01-16 14:17:47',1,0,0,1),(76,'Monderewicz','Ryszard','Warszawa, Klaudyny 12 m. 26','22-832-19-76','510-981-04','mężczyzna',NULL,NULL,0,0,0,1,NULL,NULL,'2018-02-21 09:37:14',1,0,0,1),(77,'Monderewicz','Kazimiera','Warszawa, Klaudyny 12 m. 26','22-832-19-76','','kobieta',NULL,NULL,0,0,0,0,NULL,NULL,'2018-03-14 09:02:55',0,0,0,1),(78,'Mulewicz','Małgorzata',NULL,'','','kobieta',NULL,NULL,0,0,0,1,NULL,NULL,'2018-02-21 13:46:21',1,0,0,1),(79,'Nowak','Leokadia','Warszawa, Al. Zjednoczenia 15 m. 105','22-669-07-39','','kobieta',NULL,NULL,0,0,0,0,NULL,NULL,'2019-01-16 14:17:48',1,0,0,1),(81,'Osiak','Apolonia','Warszawa, Reymonta 26 m. 22','22-834-60-96','','kobieta',NULL,NULL,0,0,0,0,NULL,NULL,'2019-02-21 19:04:39',1,1,1,1),(84,'Pakuła','Jerzy','Warszawa, Podczaszyńskiego 5 m. 32','22-864-03-10','510-663-08','mężczyzna',NULL,NULL,0,0,0,0,NULL,NULL,'2019-01-16 14:18:21',1,0,0,1),(85,'Piotrowska','Anna','Warszawa, Al. Zjednoczenia 13 m. 55','','696-190-98','kobieta',NULL,NULL,0,0,0,0,NULL,NULL,'2019-01-16 14:18:23',1,0,0,1),(86,'Piotrowski','Piotr','Warszawa, Al. Zjednoczenia 13 m. 55','','509-201-46','mężczyzna',NULL,NULL,0,0,0,0,NULL,NULL,'2019-01-16 14:18:24',1,0,0,1),(89,'Pręgowska','Wanda','Warszawa, Gwiaździsta 29 m. 176','22-833-28-72','','kobieta',NULL,NULL,0,0,0,0,NULL,NULL,'2019-01-16 14:18:28',1,0,0,1),(90,'Richter','Dawid',NULL,'','','mężczyzna',NULL,NULL,1,0,1,0,NULL,NULL,NULL,1,0,1,1),(91,'Richter','Milena',NULL,'','','kobieta',NULL,NULL,0,0,1,0,NULL,NULL,'2019-02-21 19:04:50',1,0,1,1),(92,'Rola','Jarosław','Warszawa, Małego 6 m. 19','','602-276-80','mężczyzna',NULL,NULL,1,0,0,0,NULL,NULL,'2019-02-21 18:58:25',1,0,1,1),(93,'Rola','Sylwia','Warszawa, Małego 6 m. 19','','697-991-98','kobieta',NULL,NULL,0,0,1,0,NULL,NULL,'2019-02-21 19:04:52',1,0,1,1),(94,'Rząca','Anna','Warszawa, Klaudyny 30 m. 17','22-833-32-75','','kobieta',NULL,NULL,0,0,0,0,NULL,NULL,'2019-01-16 14:18:37',1,0,0,1),(95,'Rząca','Ewa','Warszawa, Klaudyny 30 m. 17','22-833-32-75','600-441-07','kobieta',NULL,NULL,0,0,0,0,NULL,NULL,'2019-01-16 14:18:38',1,0,0,1),(98,'Sekuła','Stefania','Warszawa, Żeromskiego 52/62 m. 32','22-663-04-54','','kobieta',NULL,NULL,0,0,0,1,NULL,NULL,'2018-02-21 13:46:34',1,0,0,1),(99,'Siemiradzka','Małgorzata',NULL,'','792-252-56','kobieta',NULL,NULL,0,0,0,0,NULL,NULL,'2019-01-16 14:19:24',1,0,0,1),(100,'Sieniarska','Elżbieta',NULL,'','','kobieta',NULL,NULL,0,0,0,1,NULL,NULL,'2018-02-21 13:46:41',1,0,0,1),(101,'Siporska','Anna','Warszawa, Dantego 1A m. 3','','606-449-73','kobieta',NULL,NULL,0,0,0,0,NULL,NULL,'2019-01-16 14:19:25',1,0,0,0),(102,'Siporska','Marta ','Warszawa, Dantego 1A m. 3','','','kobieta',NULL,NULL,0,0,0,0,NULL,NULL,'2019-02-21 18:59:32',1,0,0,0),(103,'Siporski','Adrian ','Warszawa, Dantego 1A m. 3','','791-671-33','mężczyzna',NULL,NULL,0,0,0,0,NULL,NULL,'2019-01-16 14:19:26',1,0,0,0),(104,'Siporski','Jerzy','Warszawa, Dantego 1A m. 3','','','mężczyzna',NULL,NULL,0,0,0,0,NULL,NULL,'2019-02-21 18:59:27',1,0,0,1),(105,'Sochal','Kazimierz',NULL,'','','mężczyzna',NULL,NULL,0,0,0,1,NULL,NULL,'2018-02-21 09:20:10',1,0,0,1),(107,'Stębnowska','Anna','Warszawa, Klaudyny 12 m. 45','22-833-60-94','504-924-97','kobieta',NULL,NULL,0,0,1,0,NULL,NULL,'2019-02-21 19:16:42',1,0,1,1),(108,'Stębnowski','Tomasz','Warszawa, Klaudyny 12 m. 45','22-833-60-94','501-960-51','mężczyzna',NULL,NULL,1,0,0,0,NULL,NULL,'2019-02-21 18:57:33',1,1,1,1),(110,'Szańkowska','Helena','Warszawa, Klaudyny 32 m. 241','22-833-37-72','609-073-77','kobieta',NULL,NULL,0,0,0,0,NULL,NULL,'2019-01-16 14:19:39',1,0,0,1),(111,'Szulc','Bogumiła','Warszawa, Marymoncka 34E m. 54','22-839-86-89','502-650-28','kobieta',NULL,NULL,0,0,0,0,NULL,NULL,'2019-01-16 14:19:40',1,0,0,1),(112,'Szulc','Tomasz','Warszawa, Marymoncka 34E m. 54','22-839-86-89','','mężczyzna',NULL,NULL,0,0,0,0,NULL,NULL,'2019-01-16 14:19:41',1,0,0,1),(113,'Szymula','Zofia',NULL,'','','kobieta',NULL,NULL,0,0,0,1,NULL,NULL,'2018-03-21 09:16:01',1,0,0,1),(116,'Śliwińska','Jadwiga','Warszawa, Klaudyny 36 m. 83','','664-917-60','kobieta',NULL,NULL,0,0,1,0,NULL,NULL,'2019-02-21 19:32:49',1,0,1,1),(117,'Tokarska','Krystyna','Warszawa, Maymoncka 71 m. 1','','5029229239','kobieta',NULL,NULL,0,0,0,0,NULL,NULL,'2019-01-16 14:19:43',1,0,0,1),(118,'Trojanowska','Joanna',NULL,'','508-494-49','kobieta',NULL,NULL,0,0,0,0,NULL,NULL,NULL,0,0,0,1),(119,'Stasiak-Turlejska','Katarzyna','Warszawa, Przybyszewskiego 51 m. 24','','696-613-21','kobieta',NULL,NULL,0,0,0,0,NULL,NULL,'2019-01-16 14:19:30',1,0,0,1),(120,'Turlejski','Rafał','Warszawa, Przybyszewskiego 51 m. 24','','601-222-68','mężczyzna',NULL,NULL,0,0,0,0,NULL,NULL,'2019-01-16 14:19:44',1,0,0,1),(121,'Widawska','Stefania',NULL,'22-834-43-49','512-903-84','kobieta',NULL,NULL,0,0,0,0,NULL,NULL,'2019-01-16 14:19:45',1,0,0,1),(122,'Wilczyńska','Elżbieta',NULL,'22-833-56-77','693-732-71','kobieta',NULL,NULL,0,0,0,0,NULL,NULL,'2019-02-21 19:16:52',1,0,1,1),(123,'Wilczyński','Marcin',NULL,'','','mężczyzna',NULL,NULL,0,0,0,0,NULL,NULL,'2018-02-21 09:37:53',0,0,0,1),(124,'Wilczyński','Marek',NULL,'22-833-56-77','691-458-62','mężczyzna',NULL,NULL,1,0,0,0,NULL,NULL,'2018-02-21 09:38:39',1,1,1,1),(125,'Wilczyński','Mateusz',NULL,'22-833-56-77','607-780-46','mężczyzna',NULL,NULL,0,1,0,0,NULL,NULL,NULL,1,0,1,1),(126,'Wilkowska','Zofia',NULL,'','693-813-27','kobieta',NULL,NULL,0,0,0,0,NULL,NULL,'2019-01-16 14:19:52',1,0,0,1),(127,'Wilkowski','Antoni',NULL,'','','mężczyzna',NULL,NULL,0,0,0,0,NULL,NULL,NULL,0,0,0,1),(128,'Witos','Halina','Warszawa, Żeromskiego 36/42 m. 22','22-834-56-70','','kobieta',NULL,NULL,0,0,0,1,NULL,NULL,'2018-03-21 09:16:40',1,0,0,1),(129,'Wojda','Róża','Warszawa, Al. Zjednoczenia 27 m. 10','','502-434-40','kobieta',NULL,NULL,0,0,0,0,NULL,NULL,'2019-01-16 14:19:57',1,0,0,1),(130,'Woźnicka','Agnieszka','Warszawa, Al. Zjednoczenia 3/9 m. 137','','602-486-18','kobieta',NULL,NULL,0,0,0,0,NULL,NULL,'2019-02-21 18:57:57',1,1,0,1),(131,'Wójcik','Adam','Warszawa, Skalbmierska 21 m. 9','','502-036-27','mężczyzna',NULL,NULL,0,0,0,0,NULL,NULL,'2019-01-16 14:19:54',1,1,0,1),(132,'Wójcik','Andrzej','Warszawa, Skalbmierska 21 m. 9','','792-151-35','mężczyzna',NULL,NULL,0,1,0,0,NULL,NULL,'2019-02-21 18:57:46',1,1,1,1),(133,'Wójcik','Lidia','Warszawa, Skalbmierska 21 m. 9','','512-361-72','kobieta',NULL,NULL,0,0,0,0,NULL,NULL,'2019-02-21 19:15:58',1,0,1,1),(134,'Wrotniak','Beata',NULL,'','','kobieta',NULL,NULL,0,0,0,1,NULL,NULL,'2018-02-21 09:38:10',1,0,0,1),(135,'Wrotniak','Tomasz',NULL,'','','mężczyzna',NULL,NULL,0,0,0,1,NULL,NULL,'2018-02-21 09:38:12',1,0,0,1),(136,'Zyzańska','Mirosława',NULL,'','','kobieta',NULL,NULL,0,0,0,1,NULL,NULL,'2018-02-21 09:38:17',1,0,0,1),(137,'Żbikowska','Małgorzata','Warszawa, Skalbmierska 16 m. 53','','668-364-18','kobieta',NULL,NULL,0,0,0,0,NULL,NULL,'2019-02-21 19:16:03',1,0,1,1),(138,'Żbikowski','Artur','Warszawa, Skalbmierska 16 m. 53','','784-982-90','mężczyzna',NULL,NULL,1,0,0,0,NULL,NULL,NULL,1,0,1,1),(139,'Żbikowski','Michał','Warszawa, Skalbmierska 16 m. 53','','792-348-85','mężczyzna',NULL,NULL,0,0,0,0,NULL,NULL,NULL,1,0,1,1),(140,'Żuk','Barbara','Warszawa, Klaudyny 38 m. 8','22-832-20-44','','kobieta',NULL,NULL,0,0,0,1,NULL,NULL,'2018-03-21 09:18:03',1,0,0,1),(141,'Żuk','Czesław','Warszawa, Klaudyny 38 m. 8','22-832-20-44','','mężczyzna',NULL,NULL,0,0,0,1,NULL,NULL,'2018-02-21 09:38:24',1,0,0,1),(144,'Michalska','Beata',NULL,'','','kobieta',NULL,NULL,0,0,0,1,NULL,NULL,'2018-02-21 09:18:30',1,0,0,1),(145,'Michalski','',NULL,'','','mężczyzna',NULL,NULL,0,0,0,1,NULL,NULL,'2018-02-21 09:37:08',1,0,0,1),(146,'Owczarek','Samuel','Warszawa','','','mężczyzna',NULL,NULL,0,0,0,0,NULL,NULL,'2019-01-16 13:37:41',0,0,0,1),(147,'Owczarek','Beata',NULL,'','','kobieta',NULL,NULL,0,0,0,0,NULL,NULL,'2019-01-16 13:37:38',0,0,0,1),(148,'Kozłowski','Andrzej',NULL,'','','mężczyzna',NULL,NULL,0,0,0,0,NULL,NULL,'2019-02-21 19:38:05',1,0,1,1),(149,'Sadowski','Tymoteusz','Warszawa, ul. Kochanowskiego 52/28','','','mężczyzna','2006-07-28',NULL,0,0,0,0,NULL,NULL,'2019-01-16 14:18:42',1,0,0,0),(150,'Przywecki','Wojciech',NULL,'','501 869 378','mężczyzna',NULL,NULL,0,0,0,0,NULL,NULL,'2019-02-21 18:57:11',1,1,1,1),(151,'Wójcik','Aleksandra',NULL,'','','kobieta',NULL,NULL,0,0,0,0,NULL,NULL,'2019-02-21 19:15:55',1,0,1,1),(153,'Stankiewicz','Teresa',NULL,'','','kobieta',NULL,NULL,0,0,0,1,NULL,NULL,NULL,1,0,0,1),(154,'Staniszewska','Stefania','ul. Kasprowicza 50/44','','605 161 506','kobieta',NULL,NULL,0,0,0,1,NULL,NULL,NULL,1,0,0,1),(155,'Sadowski','Filip','Warszawa, ul. Kochanowskiego 52/28','','','mężczyzna','2008-10-14',NULL,0,0,0,0,NULL,NULL,'2019-01-16 14:18:41',1,0,0,0),(156,'Fopp','Filip',NULL,'','','mężczyzna',NULL,NULL,0,0,0,0,NULL,NULL,NULL,1,0,0,0);
/*!40000 ALTER TABLE `glosiciels` ENABLE KEYS */;
UNLOCK TABLES;

--
-- Table structure for table `grupas`
--

DROP TABLE IF EXISTS `grupas`;
/*!40101 SET @saved_cs_client     = @@character_set_client */;
/*!40101 SET character_set_client = utf8 */;
CREATE TABLE `grupas` (
  `id` int(10) unsigned NOT NULL AUTO_INCREMENT,
  `nazwaGrupy` varchar(191) COLLATE utf8mb4_polish_ci NOT NULL,
  `created_at` timestamp NULL DEFAULT NULL,
  `updated_at` timestamp NULL DEFAULT NULL,
  PRIMARY KEY (`id`)
) ENGINE=InnoDB AUTO_INCREMENT=8 DEFAULT CHARSET=utf8mb4 COLLATE=utf8mb4_polish_ci;
/*!40101 SET character_set_client = @saved_cs_client */;

--
-- Dumping data for table `grupas`
--

LOCK TABLES `grupas` WRITE;
/*!40000 ALTER TABLE `grupas` DISABLE KEYS */;
INSERT INTO `grupas` VALUES (0,'nieprzydzieleni',NULL,NULL),(1,'grupa nr 1','2017-11-13 12:52:13','2017-11-13 12:52:13'),(2,'grupa nr 2','2017-11-13 12:52:21','2017-11-13 12:52:21'),(3,'grupa nr 3','2017-11-13 12:52:28','2017-11-13 12:52:28'),(4,'grupa nr 4','2017-11-13 12:52:34','2017-11-13 12:52:34'),(5,'grupa nr 5','2017-11-13 12:52:42','2017-11-13 12:52:42'),(6,'grupa nr 6','2017-11-13 12:52:48','2017-11-13 12:52:48'),(7,'grupa nr 7','2017-11-13 12:52:55','2017-11-13 12:52:55');
/*!40000 ALTER TABLE `grupas` ENABLE KEYS */;
UNLOCK TABLES;

--
-- Table structure for table `links`
--

DROP TABLE IF EXISTS `links`;
/*!40101 SET @saved_cs_client     = @@character_set_client */;
/*!40101 SET character_set_client = utf8 */;
CREATE TABLE `links` (
  `id` int(10) unsigned NOT NULL AUTO_INCREMENT,
  `title` varchar(191) COLLATE utf8mb4_unicode_ci NOT NULL,
  `url` varchar(191) COLLATE utf8mb4_unicode_ci NOT NULL,
  `description` text COLLATE utf8mb4_unicode_ci NOT NULL,
  `created_at` timestamp NULL DEFAULT NULL,
  `updated_at` timestamp NULL DEFAULT NULL,
  PRIMARY KEY (`id`),
  UNIQUE KEY `links_url_unique` (`url`)
) ENGINE=InnoDB AUTO_INCREMENT=13 DEFAULT CHARSET=utf8mb4 COLLATE=utf8mb4_unicode_ci;
/*!40101 SET character_set_client = @saved_cs_client */;

--
-- Dumping data for table `links`
--

LOCK TABLES `links` WRITE;
/*!40000 ALTER TABLE `links` DISABLE KEYS */;
INSERT INTO `links` VALUES (1,'Ms. Corine Prohaska DVM','http://pacocha.biz/explicabo-eos-eveniet-aut-nostrum-expedita-unde-consequuntur-placeat','Officia et aut reprehenderit autem velit. Doloribus ullam ipsum quibusdam distinctio. Recusandae et totam iure ratione mollitia eos repellendus a.','2017-07-27 11:38:49','2017-07-27 11:38:49'),(2,'Miss Idella Olson','http://www.funk.net/','Ut blanditiis voluptatum doloremque quidem in error ad. At veniam non ut neque sapiente quidem iste. Ex qui et assumenda a quo. Odit labore labore quia error voluptas ad dolor eaque.','2017-07-27 11:38:49','2017-07-27 11:38:49'),(3,'Beth Bergnaum II','http://www.bartoletti.com/nihil-asperiores-culpa-cupiditate-assumenda-error','Quia eum laborum autem omnis error similique. Earum cum aperiam et excepturi qui consequatur officiis. Quia dolor sed rerum perferendis consectetur assumenda qui quia. Qui voluptatum laboriosam facere velit rerum.','2017-07-27 11:38:49','2017-07-27 11:38:49'),(4,'Mrs. Myrtie Zulauf','http://cole.com/enim-aut-commodi-quo-distinctio-amet.html','Illo suscipit vel possimus aut. Accusamus dolor sed et quos. Quaerat adipisci eos voluptatum vero sed ullam non. Et rem sit commodi consequatur et error nihil neque.','2017-07-27 11:38:49','2017-07-27 11:38:49'),(5,'Amie Parisian','http://www.crona.com/nemo-et-nulla-nemo-nam-enim','Molestiae iusto labore et aperiam ea beatae. Recusandae voluptatum et qui ut modi non eum. Sequi corrupti debitis dignissimos nisi aut aut. Dicta enim dicta ipsum et nobis.','2017-07-27 11:38:49','2017-07-27 11:38:49'),(6,'Prof. Daryl Volkman DVM','http://www.kihn.com/ut-magni-aperiam-impedit-quod','Sit illum cumque deleniti ad id nam harum. Et harum excepturi voluptas. Provident et sed voluptatum fuga eos.','2017-07-27 11:38:49','2017-07-27 11:38:49'),(7,'Jamison Grant','http://www.klein.org/voluptatum-impedit-vero-aspernatur-est-iusto-doloribus.html','Qui occaecati et dicta expedita corrupti. Beatae et placeat optio qui. Adipisci est incidunt pariatur est qui nisi consectetur iure.','2017-07-27 11:38:49','2017-07-27 11:38:49'),(8,'Khalil Reilly','https://runolfsson.org/exercitationem-ad-voluptatem-itaque-nulla-eum-sit.html','Accusamus excepturi explicabo explicabo optio placeat. Facilis natus nihil iste officiis in omnis consequatur. Quas delectus a aliquam non et.','2017-07-27 11:38:49','2017-07-27 11:38:49'),(9,'Ulises Kessler V','http://wiza.com/','Temporibus incidunt voluptatibus ratione optio vero alias. Ut vero dolorum ducimus quia quidem fugiat.','2017-07-27 11:38:49','2017-07-27 11:38:49'),(10,'Claudine Kuhic','http://www.cassin.info/et-dolore-quas-qui-fugit-vel-eum','Eligendi et minus occaecati aliquid veniam tenetur quaerat. Ullam voluptatum dolore libero voluptatem cumque voluptatum aperiam aperiam. Id et explicabo assumenda iste. Distinctio tenetur sunt non repudiandae. Non quia mollitia autem qui sit.','2017-07-27 11:38:49','2017-07-27 11:38:49'),(11,'Linek','www.jw.org','Strona','2017-07-27 11:44:52','2017-07-27 11:44:52'),(12,'JW Broadcasting','tv.jw.org','TV','2017-07-27 11:45:29','2017-07-27 11:45:29');
/*!40000 ALTER TABLE `links` ENABLE KEYS */;
UNLOCK TABLES;

--
-- Table structure for table `lista_obslug`
--

DROP TABLE IF EXISTS `lista_obslug`;
/*!40101 SET @saved_cs_client     = @@character_set_client */;
/*!40101 SET character_set_client = utf8 */;
CREATE TABLE `lista_obslug` (
  `id` int(11) NOT NULL AUTO_INCREMENT,
  `obsluga_od` date NOT NULL,
  `nadzorca_obwodu` varchar(100) COLLATE utf8_polish_ci NOT NULL,
  `nadzorca_obwodu_zona` varchar(100) COLLATE utf8_polish_ci NOT NULL,
  `wtorek_tytul_przemowienia` varchar(100) COLLATE utf8_polish_ci NOT NULL,
  `wtorek_piesn3` int(11) NOT NULL,
  `niedziela_tytul_przemowienia` varchar(100) COLLATE utf8_polish_ci NOT NULL,
  `niedziela_piesn1` int(11) NOT NULL,
  `niedziela_piesn3` int(11) NOT NULL,
  UNIQUE KEY `id` (`id`)
) ENGINE=InnoDB AUTO_INCREMENT=3 DEFAULT CHARSET=utf8 COLLATE=utf8_polish_ci;
/*!40101 SET character_set_client = @saved_cs_client */;

--
-- Dumping data for table `lista_obslug`
--

LOCK TABLES `lista_obslug` WRITE;
/*!40000 ALTER TABLE `lista_obslug` DISABLE KEYS */;
INSERT INTO `lista_obslug` VALUES (1,'2018-11-05','Artur Skitek','Urszula Skitek','Jak możesz \'na pewno nie upaść\'',76,'Bez wiary nie można się podobać Bogu',135,3),(2,'2019-04-22','Elizeusz Mionskowski','Kamila Mionskowska','Żadna broń wykonana przeciwko tobie nie będzie skuteczna',122,'Nie zmarnuj chwil samotności',104,45);
/*!40000 ALTER TABLE `lista_obslug` ENABLE KEYS */;
UNLOCK TABLES;

--
-- Table structure for table `lista_zgromadzen`
--

DROP TABLE IF EXISTS `lista_zgromadzen`;
/*!40101 SET @saved_cs_client     = @@character_set_client */;
/*!40101 SET character_set_client = utf8 */;
CREATE TABLE `lista_zgromadzen` (
  `id` int(11) NOT NULL AUTO_INCREMENT,
  `zgromadzenie_tytul` varchar(100) COLLATE utf8_polish_ci NOT NULL,
  `zgromadzenie_rodzaj` varchar(100) COLLATE utf8_polish_ci NOT NULL,
  `zgromadzenie_data` date NOT NULL,
  `zgromadzenie_miejsce` varchar(100) COLLATE utf8_polish_ci NOT NULL,
  PRIMARY KEY (`id`)
) ENGINE=InnoDB AUTO_INCREMENT=3 DEFAULT CHARSET=utf8 COLLATE=utf8_polish_ci;
/*!40101 SET character_set_client = @saved_cs_client */;

--
-- Dumping data for table `lista_zgromadzen`
--

LOCK TABLES `lista_zgromadzen` WRITE;
/*!40000 ALTER TABLE `lista_zgromadzen` DISABLE KEYS */;
INSERT INTO `lista_zgromadzen` VALUES (1,'Bądź silny!','Zgromadzenie obwodowe z przedstawicielem Biura Oddziału','2018-10-07','Warszawa, ul. Posag 7 Panien 4'),(2,'Bądź śmiały!','Zgromadzenie obwodowe z nadzorcą obwodu','2019-03-09','Warszawa, ul. Posag 7 Panien 4');
/*!40000 ALTER TABLE `lista_zgromadzen` ENABLE KEYS */;
UNLOCK TABLES;

--
-- Table structure for table `migrations`
--

DROP TABLE IF EXISTS `migrations`;
/*!40101 SET @saved_cs_client     = @@character_set_client */;
/*!40101 SET character_set_client = utf8 */;
CREATE TABLE `migrations` (
  `id` int(10) unsigned NOT NULL AUTO_INCREMENT,
  `migration` varchar(255) COLLATE utf8mb4_unicode_ci NOT NULL,
  `batch` int(11) NOT NULL,
  PRIMARY KEY (`id`)
) ENGINE=InnoDB AUTO_INCREMENT=21 DEFAULT CHARSET=utf8mb4 COLLATE=utf8mb4_unicode_ci;
/*!40101 SET character_set_client = @saved_cs_client */;

--
-- Dumping data for table `migrations`
--

LOCK TABLES `migrations` WRITE;
/*!40000 ALTER TABLE `migrations` DISABLE KEYS */;
INSERT INTO `migrations` VALUES (1,'2014_10_12_000000_create_users_table',1),(2,'2014_10_12_100000_create_password_resets_table',1),(3,'2017_07_24_134737_create_tydzien_table.php',2),(4,'2017_07_24_135527_create_punkties_table.php',2),(5,'2017_07_24_134737_create_tydzien_table',3),(6,'2017_07_24_135527_create_punkties_table',3),(7,'2017_07_27_132313_create_links_table',3),(8,'2016_01_01_193651_create_roles_permissions_tables',4),(10,'2017_10_23_101732_create_zbors_table',5),(14,'2017_10_24_100221_create_przewodniczacies_table',6),(17,'2017_10_24_110045_create_glosiciels_table',7),(18,'2017_11_13_105315_create_poza_zborems_table',8),(19,'2017_11_13_135155_create_grupas_table',9),(20,'2017_11_14_092240_add_aktualny_to_glosiciels_table',10);
/*!40000 ALTER TABLE `migrations` ENABLE KEYS */;
UNLOCK TABLES;

--
-- Table structure for table `password_resets`
--

DROP TABLE IF EXISTS `password_resets`;
/*!40101 SET @saved_cs_client     = @@character_set_client */;
/*!40101 SET character_set_client = utf8 */;
CREATE TABLE `password_resets` (
  `email` varchar(191) COLLATE utf8mb4_unicode_ci NOT NULL,
  `token` varchar(191) COLLATE utf8mb4_unicode_ci NOT NULL,
  `created_at` timestamp NULL DEFAULT NULL,
  KEY `password_resets_email_index` (`email`)
) ENGINE=InnoDB DEFAULT CHARSET=utf8mb4 COLLATE=utf8mb4_unicode_ci;
/*!40101 SET character_set_client = @saved_cs_client */;

--
-- Dumping data for table `password_resets`
--

LOCK TABLES `password_resets` WRITE;
/*!40000 ALTER TABLE `password_resets` DISABLE KEYS */;
/*!40000 ALTER TABLE `password_resets` ENABLE KEYS */;
UNLOCK TABLES;

--
-- Table structure for table `permission_role`
--

DROP TABLE IF EXISTS `permission_role`;
/*!40101 SET @saved_cs_client     = @@character_set_client */;
/*!40101 SET character_set_client = utf8 */;
CREATE TABLE `permission_role` (
  `permission_id` int(10) unsigned NOT NULL,
  `role_id` int(10) unsigned NOT NULL,
  PRIMARY KEY (`permission_id`,`role_id`),
  KEY `permission_role_role_id_foreign` (`role_id`),
  CONSTRAINT `permission_role_permission_id_foreign` FOREIGN KEY (`permission_id`) REFERENCES `permissions` (`id`) ON DELETE CASCADE,
  CONSTRAINT `permission_role_role_id_foreign` FOREIGN KEY (`role_id`) REFERENCES `roles` (`id`) ON DELETE CASCADE
) ENGINE=InnoDB DEFAULT CHARSET=utf8mb4 COLLATE=utf8mb4_unicode_ci;
/*!40101 SET character_set_client = @saved_cs_client */;

--
-- Dumping data for table `permission_role`
--

LOCK TABLES `permission_role` WRITE;
/*!40000 ALTER TABLE `permission_role` DISABLE KEYS */;
/*!40000 ALTER TABLE `permission_role` ENABLE KEYS */;
UNLOCK TABLES;

--
-- Table structure for table `permissions`
--

DROP TABLE IF EXISTS `permissions`;
/*!40101 SET @saved_cs_client     = @@character_set_client */;
/*!40101 SET character_set_client = utf8 */;
CREATE TABLE `permissions` (
  `id` int(10) unsigned NOT NULL AUTO_INCREMENT,
  `name` varchar(191) COLLATE utf8mb4_unicode_ci NOT NULL,
  `label` varchar(191) COLLATE utf8mb4_unicode_ci DEFAULT NULL,
  `created_at` timestamp NULL DEFAULT NULL,
  `updated_at` timestamp NULL DEFAULT NULL,
  PRIMARY KEY (`id`)
) ENGINE=InnoDB AUTO_INCREMENT=4 DEFAULT CHARSET=utf8mb4 COLLATE=utf8mb4_unicode_ci;
/*!40101 SET character_set_client = @saved_cs_client */;

--
-- Dumping data for table `permissions`
--

LOCK TABLES `permissions` WRITE;
/*!40000 ALTER TABLE `permissions` DISABLE KEYS */;
INSERT INTO `permissions` VALUES (1,'program-zobacz','wyświetlanie programu zebrań',NULL,'2017-10-23 08:25:07'),(2,'sprawozdanie-edycja','wprowadzanie i aktualizacja spraozdania','2017-10-23 11:00:47','2017-11-13 10:08:13'),(3,'program-edycja','wprowadzanie i aktualizacja programu zebrań','2017-10-23 11:01:03','2017-11-13 10:08:28');
/*!40000 ALTER TABLE `permissions` ENABLE KEYS */;
UNLOCK TABLES;

--
-- Table structure for table `poza_zborems`
--

DROP TABLE IF EXISTS `poza_zborems`;
/*!40101 SET @saved_cs_client     = @@character_set_client */;
/*!40101 SET character_set_client = utf8 */;
CREATE TABLE `poza_zborems` (
  `id` int(10) unsigned NOT NULL AUTO_INCREMENT,
  `glosiciel_id` int(11) NOT NULL,
  `powod` varchar(191) COLLATE utf8mb4_polish_ci NOT NULL,
  `odKiedy` date NOT NULL,
  `doKiedy` date NOT NULL,
  `created_at` timestamp NULL DEFAULT NULL,
  `updated_at` timestamp NULL DEFAULT NULL,
  PRIMARY KEY (`id`)
) ENGINE=InnoDB AUTO_INCREMENT=2 DEFAULT CHARSET=utf8mb4 COLLATE=utf8mb4_polish_ci;
/*!40101 SET character_set_client = @saved_cs_client */;

--
-- Dumping data for table `poza_zborems`
--

LOCK TABLES `poza_zborems` WRITE;
/*!40000 ALTER TABLE `poza_zborems` DISABLE KEYS */;
INSERT INTO `poza_zborems` VALUES (1,51,'wyprowadzka','2016-09-01','9999-12-31','2017-11-13 12:54:09','2017-11-13 12:54:09');
/*!40000 ALTER TABLE `poza_zborems` ENABLE KEYS */;
UNLOCK TABLES;

--
-- Table structure for table `punkty`
--

DROP TABLE IF EXISTS `punkty`;
/*!40101 SET @saved_cs_client     = @@character_set_client */;
/*!40101 SET character_set_client = utf8 */;
CREATE TABLE `punkty` (
  `id` int(10) unsigned NOT NULL AUTO_INCREMENT,
  `tydzien_id` int(11) NOT NULL,
  `czesc` varchar(20) COLLATE utf8mb4_unicode_ci NOT NULL,
  `tytul` varchar(250) COLLATE utf8mb4_unicode_ci NOT NULL,
  `czas` int(11) NOT NULL,
  `opis` varchar(191) COLLATE utf8mb4_unicode_ci NOT NULL,
  `created_at` timestamp NULL DEFAULT current_timestamp(),
  `updated_at` timestamp NULL DEFAULT current_timestamp(),
  `uczestnik` varchar(100) COLLATE utf8mb4_unicode_ci NOT NULL,
  `pomocnik` varchar(100) COLLATE utf8mb4_unicode_ci NOT NULL,
  PRIMARY KEY (`id`),
  KEY `tydzien_id` (`tydzien_id`)
) ENGINE=InnoDB AUTO_INCREMENT=1643 DEFAULT CHARSET=utf8mb4 COLLATE=utf8mb4_unicode_ci;
/*!40101 SET character_set_client = @saved_cs_client */;

--
-- Dumping data for table `punkty`
--

LOCK TABLES `punkty` WRITE;
/*!40000 ALTER TABLE `punkty` DISABLE KEYS */;
INSERT INTO `punkty` VALUES (21,1,'SKARBY','„Nie szukaj dla siebie ‚wielkich rzeczy’” ',10,'','2017-05-24 10:19:49','2017-05-24 10:19:49','',''),(22,1,'SKARBY','Wyszukujemy duchowe skarby',8,'','2017-05-24 10:19:49','2017-05-24 10:19:49','',''),(23,1,'SKARBY','Jer 47:1-7',4,'','2017-05-24 10:19:49','2017-05-24 10:19:49','',''),(24,1,'SŁUŻBA','Pierwsza rozmowa ',2,'hf. Przygotuj grunt pod odwiedziny ponowne.','2017-05-24 10:19:49','2017-05-24 10:19:49','',''),(25,1,'SŁUŻBA','Odwiedziny ponowne ',4,'hf. Przygotuj grunt pod kolejną rozmowę.','2017-05-24 10:19:49','2017-05-24 10:19:49','',''),(26,1,'SŁUŻBA','Studium biblijne ',6,'lv s. 199, ak. 9, 10. Krótko pokaż zainteresowanemu, jak wyszukać materiały dotyczące próby, którą przechodzi.','2017-05-24 10:19:49','2017-05-24 10:19:49','',''),(27,1,'ŻYCIE','Młodzi, nie szukajcie dla siebie „wielkich rzeczy” ',15,'Odtwórz film Młodzi ludzie pytają: Jak pokierować swoim życiem? — Wspomnienia, a następnie go omówcie.','2017-05-24 10:19:49','2017-05-24 10:19:49','',''),(28,1,'ŻYCIE','Zborowe studium Biblii ',30,'kr „Część 4: Zwycięstwa odnoszone przez Królestwo — ‚prawne ugruntowywanie dobrej nowiny’” i rozdz. 13, ak. 1-10','2017-05-24 10:19:49','2017-05-24 10:19:49','',''),(29,2,'SKARBY','„Jehowa błogosławi pokornym, a karze zuchwałych” ',10,'','2017-05-24 10:20:07','2017-05-24 10:20:07','',''),(30,2,'SKARBY','Wyszukujemy duchowe skarby',8,'','2017-05-24 10:20:07','2017-05-24 10:20:07','',''),(31,2,'SKARBY','Jer 50:1-10',4,'','2017-05-24 10:20:07','2017-05-24 10:20:07','',''),(32,2,'SŁUŻBA','Pierwsza rozmowa ',2,'T-32. Przygotuj grunt pod odwiedziny ponowne.','2017-05-24 10:20:07','2017-05-24 10:20:07','',''),(33,2,'SŁUŻBA','Odwiedziny ponowne ',4,'T-32. Omów część „Zastanów się”. Przygotuj grunt pod kolejną rozmowę.','2017-05-24 10:20:07','2017-05-24 10:20:07','',''),(34,2,'SŁUŻBA','Przemówienie ',6,'w15 15.3 s. 17, 18. Temat: Dlaczego w ostatnich latach w naszych publikacjach rzadko wspomina się o pierwowzorach i odpowiednikach?','2017-05-24 10:20:07','2017-05-24 10:20:07','',''),(35,2,'ŻYCIE','„Wyjmij belkę” ',15,'Odtwórz film „Wyjmij belkę”. Potem zadaj pytania: W czym przejawiała się dumna, krytykancka postawa brata? Co pomogło mu zmienić sposób myślenia? Jakie odniósł z tego korzyści?','2017-05-24 10:20:07','2017-05-24 10:20:07','',''),(36,2,'ŻYCIE','Zborowe studium Biblii ',30,'kr rozdz. 13, ak. 11-23','2017-05-24 10:20:07','2017-05-24 10:20:07','',''),(43,4,'SKARBY','„Postawa wyczekiwania pomoże nam wytrwać” ',10,'','2017-05-24 10:22:06','2017-05-24 10:22:06','',''),(44,4,'SKARBY','Wyszukujemy duchowe skarby',8,'','2017-05-24 10:22:06','2017-05-24 10:22:06','',''),(45,4,'SKARBY','Lam 2:20 do 3:12',4,'','2017-05-24 10:22:06','2017-05-24 10:22:06','',''),(46,4,'SŁUŻBA','Pierwsza rozmowa ',2,'g17.3, temat z okładki. Przygotuj grunt pod odwiedziny ponowne.','2017-05-24 10:22:06','2017-05-24 10:22:06','',''),(47,4,'SŁUŻBA','Odwiedziny ponowne ',4,'g17.3, temat z okładki. Zaproś rozmówcę na nasze zebrania.','2017-05-24 10:22:06','2017-05-24 10:22:06','',''),(48,4,'SŁUŻBA','Przemówienie ',6,'w11 15.9 ss. 9, 10, ak. 11-13. Temat: Jehowa jest mym działem.','2017-05-24 10:22:06','2017-05-24 10:22:06','',''),(49,4,'ŻYCIE','Potrzeby zboru ',8,'Możesz omówić z udziałem obecnych „List od Ciała Kierowniczego” z Rocznika (yb17 ss. 2-5).','2017-05-24 10:22:06','2017-05-24 10:22:06','',''),(50,4,'ŻYCIE','Osiągnięcia organizacji ',7,'Odtwórz film z serii Osiągnięcia organizacji przewidziany na czerwiec 2017 roku.','2017-05-24 10:22:06','2017-05-24 10:22:06','',''),(51,4,'ŻYCIE','Zborowe studium Biblii ',30,'kr rozdz. 13, ak. 33, 34, ramka „Ważne zwycięstwa w sądach najwyższych”, ramka powtórkowa „Jak bardzo realne jest dla ciebie Królestwo?”','2017-05-24 10:22:06','2017-05-24 10:22:06','',''),(52,5,'SKARBY','„Ezechiel znajdował przyjemność w głoszeniu orędzia Bożego” ',10,'','2017-05-24 10:22:54','2017-05-24 10:22:54','',''),(53,5,'SKARBY','Wyszukujemy duchowe skarby',8,'','2017-05-24 10:22:54','2017-05-24 10:22:54','',''),(54,5,'SKARBY','Eze 1:1-14',4,'','2017-05-24 10:22:54','2017-05-24 10:22:54','',''),(55,5,'SŁUŻBA','Pierwsza rozmowa ',2,'T-32. Przygotuj grunt pod odwiedziny ponowne.','2017-05-24 10:22:54','2017-05-24 10:22:54','',''),(56,5,'SŁUŻBA','Odwiedziny ponowne ',4,'T-32. Odtwórz film „Twoja rodzina może być szczęśliwa” (prezentacja) i zaproponuj broszurę.','2017-05-24 10:22:54','2017-05-24 10:22:54','',''),(57,5,'SŁUŻBA','Studium biblijne ',6,'bh s. 143, ak. 20, 21. Pokaż, jak trafiać zainteresowanemu do serca.','2017-05-24 10:22:54','2017-05-24 10:22:54','',''),(58,5,'ŻYCIE','„Znajduj przyjemność w głoszeniu dobrej nowiny” ',15,'Omówienie z udziałem obecnych. Odtwórz film Odzyskanie radości dzięki studium i rozmyślaniu.','2017-05-24 10:22:54','2017-05-24 10:22:54','',''),(59,5,'ŻYCIE','Zborowe studium Biblii ',30,'kr rozdz. 14, ak. 1-7','2017-05-24 10:22:54','2017-05-24 10:22:54','',''),(68,6,'SKARBY','„Czy otrzymasz znak umożliwiający ocalenie?” ',10,'','2017-05-24 10:24:44','2017-05-24 10:24:44','',''),(69,6,'SKARBY','Wyszukujemy duchowe skarby',8,'','2017-05-24 10:24:44','2017-05-24 10:24:44','',''),(70,6,'SKARBY','Eze 8:1-12',4,'','2017-05-24 10:24:44','2017-05-24 10:24:44','',''),(71,6,'SŁUŻBA','Pierwsza rozmowa ',2,'Obj 4:11, „Uczmy innych prawdy”.','2017-05-24 10:24:44','2017-05-24 10:24:44','',''),(72,6,'SŁUŻBA','Odwiedziny ponowne ',4,'Ps 11:5; 2Ko 7:1, „Uczmy innych prawdy”.','2017-05-24 10:24:44','2017-05-24 10:24:44','',''),(73,6,'SŁUŻBA','Studium biblijne ',6,'bh s. 127, ak. 4, 5. Pokaż, jak trafiać zainteresowanemu do serca.','2017-05-24 10:24:44','2017-05-24 10:24:44','',''),(74,6,'ŻYCIE','„Brońmy zasad moralnych ustalonych przez Jehowę” ',15,'Omówienie z udziałem obecnych. Odtwórz film Zostań przyjacielem Jehowy: Jeden mężczyzna, jedna kobieta.','2017-05-24 10:24:44','2017-05-24 10:24:44','',''),(75,6,'ŻYCIE','Zborowe studium Biblii ',30,'kr rozdz. 14, ak. 8-14, ramka „Umarł ku chwale Bożej”','2017-05-24 10:24:44','2017-05-24 10:24:44','',''),(76,7,'SKARBY','„Czy masz ‚serce cielesne’?” ',10,'','2017-05-29 06:20:44','2017-05-29 06:20:44','',''),(77,7,'SKARBY','Wyszukujemy duchowe skarby',8,'','2017-05-29 06:20:44','2017-05-29 06:20:44','',''),(78,7,'SKARBY','Eze 12:1-10',4,'','2017-05-29 06:20:44','2017-05-29 06:20:44','',''),(79,7,'SŁUŻBA','Prowadzenie rozmów w tym miesiącu ',15,'Omówienie z udziałem obecnych materiału „Jak poprowadzić rozmowę”. Odtwórz każdy z filmów instruktażowych i omówcie ich najważniejsze elementy.','2017-05-29 06:20:44','2017-05-29 06:20:44','',''),(80,7,'ŻYCIE','Potrzeby zboru ',15,'Możesz omówić z udziałem obecnych materiał z Rocznika (yb17 ss. 41-43).','2017-05-29 06:20:44','2017-05-29 06:20:44','',''),(81,7,'ŻYCIE','Zborowe studium Biblii ',30,'kr rozdz. 14, ak. 15-23, ramka powtórkowa „Jak bardzo realne jest dla ciebie Królestwo?”','2017-05-29 06:20:44','2017-05-29 06:20:44','',''),(82,8,'SKARBY','„Czy dotrzymujesz obietnic?” ',10,'','2017-05-29 06:21:02','2017-05-29 06:21:02','',''),(83,8,'SKARBY','Wyszukujemy duchowe skarby',8,'','2017-05-29 06:21:02','2017-05-29 06:21:02','',''),(84,8,'SKARBY','Eze 16:28-42',4,'','2017-05-29 06:21:02','2017-05-29 06:21:02','',''),(85,8,'SŁUŻBA','Pierwsza rozmowa ',2,'wp17.4, temat z okładki. Przygotuj grunt pod odwiedziny ponowne.','2017-05-29 06:21:02','2017-05-29 06:21:02','',''),(86,8,'SŁUŻBA','Odwiedziny ponowne ',4,'wp17.4, temat z okładki. Wprowadź i omów film Dlaczego warto studiować Biblię? (Podczas scenki nie odtwarzaj filmu).','2017-05-29 06:21:02','2017-05-29 06:21:02','',''),(87,8,'SŁUŻBA','Studium biblijne ',6,'fg lekcja 11, ak. 1, 2. Zaproś zainteresowanego na zebranie.','2017-05-29 06:21:02','2017-05-29 06:21:02','',''),(88,8,'ŻYCIE','Dotrzymuj przysięgi małżeńskiej, nawet gdy małżeństwo cię rozczarowało ',10,'Przemówienie starszego oparte na materiale z Przebudźcie się! z marca 2014 roku, strony 14 i 15.','2017-05-29 06:21:02','2017-05-29 06:21:02','',''),(89,8,'ŻYCIE','Zostań przyjacielem Jehowy: Bądź prawdomówny ',5,'Odtwórz film Zostań przyjacielem Jehowy: Bądź prawdomówny. Potem zaproś na scenę wybrane dzieci i zadaj im pytania dotyczące filmu.','2017-05-29 06:21:02','2017-05-29 06:21:02','',''),(90,8,'ŻYCIE','Zborowe studium Biblii ',30,'kr rozdz. 15, ak. 1-8','2017-05-29 06:21:02','2017-05-29 06:21:02','',''),(91,9,'SKARBY','„Czy Jehowa zapomina grzechy, które przebaczył?” ',10,'','2017-05-29 06:21:20','2017-05-29 06:21:20','',''),(92,9,'SKARBY','Wyszukujemy duchowe skarby',8,'','2017-05-29 06:21:20','2017-05-29 06:21:20','',''),(93,9,'SKARBY','Eze 20:1-12',4,'','2017-05-29 06:21:20','2017-05-29 06:21:20','',''),(94,9,'SŁUŻBA','Pierwsza rozmowa ',2,'1Jn 5:19, „Uczmy innych prawdy”. Przygotuj grunt pod odwiedziny ponowne.','2017-05-29 06:21:20','2017-05-29 06:21:20','',''),(95,9,'SŁUŻBA','Odwiedziny ponowne ',4,'Rdz 3:2-5, „Uczmy innych prawdy”. Przygotuj grunt pod kolejną rozmowę. (Zob. mwb16.08 s. 8, ak. 2).','2017-05-29 06:21:20','2017-05-29 06:21:20','',''),(96,9,'SŁUŻBA','Przemówienie ',6,'w16.05 s. 32. Temat: Jak po ogłoszeniu przyłączenia osoby wykluczonej zbór może wyrazić radość?','2017-05-29 06:21:20','2017-05-29 06:21:20','',''),(97,9,'ŻYCIE','„Czy sobie przebaczyłeś?” ',10,'Omówienie z udziałem obecnych. Na początek odtwórz film Lojalnie popierajmy decyzje Jehowy: Bądźmy gotowi przebaczać.','2017-05-29 06:21:20','2017-05-29 06:21:20','',''),(98,9,'ŻYCIE','„Młodzi ludzie pytają: Jak sobie radzić z błędami?” ',5,'Omówienie z udziałem obecnych artykułu „Młodzi ludzie pytają: Jak sobie radzić z błędami?”. Zacznij od odtworzenia nagrania dźwiękowego części „Co byś zrobił?”.','2017-05-29 06:21:20','2017-05-29 06:21:20','',''),(99,9,'ŻYCIE','Zborowe studium Biblii ',30,'kr rozdz. 15, ak. 9-17','2017-05-29 06:21:20','2017-05-29 06:21:20','',''),(100,10,'SKARBY','„Władza królewska należy do tego, kto posiada ‚tytuł prawny’” ',10,'','2017-05-29 06:21:35','2017-05-29 06:21:35','',''),(101,10,'SKARBY','Wyszukujemy duchowe skarby',8,'','2017-05-29 06:21:35','2017-05-29 06:21:35','',''),(102,10,'SKARBY','Eze 21:1-13',4,'','2017-05-29 06:21:35','2017-05-29 06:21:35','',''),(103,10,'SŁUŻBA','Pierwsza rozmowa ',2,'fg. Wprowadź i omów film Jak wygląda studium Biblii? (Podczas scenki nie odtwarzaj filmu).','2017-05-29 06:21:35','2017-05-29 06:21:35','',''),(104,10,'SŁUŻBA','Odwiedziny ponowne ',4,'bh. Wprowadź i omów film Jak wygląda studium Biblii? w rozmowie ze stałym czytelnikiem. (Podczas scenki nie odtwarzaj filmu).','2017-05-29 06:21:35','2017-05-29 06:21:35','',''),(105,10,'SŁUŻBA','Studium biblijne ',6,'bh s. 215, ak. 3, do s. 216, ak. 1','2017-05-29 06:21:35','2017-05-29 06:21:35','',''),(106,10,'ŻYCIE','„Dobre maniery przy drzwiach” ',15,'Omówienie z udziałem obecnych. Punkt ten przeprowadzi nadzorca służby. Na początku odtwórz film o dobrych manierach przy drzwiach.','2017-05-29 06:21:35','2017-05-29 06:21:35','',''),(107,10,'ŻYCIE','Zborowe studium Biblii ',30,'kr rozdz. 15, ak. 18-28','2017-05-29 06:21:35','2017-05-29 06:21:35','',''),(108,11,'SKARBY','„Proroctwo przeciwko Tyrowi umacnia nasze zaufanie do Słowa Jehowy” ',10,'','2017-05-29 06:21:50','2017-05-29 06:21:50','',''),(109,11,'SKARBY','Wyszukujemy duchowe skarby',8,'','2017-05-29 06:21:50','2017-05-29 06:21:50','',''),(110,11,'SKARBY','Eze 25:1-11',4,'','2017-05-29 06:21:50','2017-05-29 06:21:50','',''),(111,11,'SŁUŻBA','Pierwsza rozmowa ',2,'Jeden z traktatów. Przygotuj grunt pod odwiedziny ponowne.','2017-05-29 06:21:50','2017-05-29 06:21:50','',''),(112,11,'SŁUŻBA','Odwiedziny ponowne ',4,'Jeden z traktatów. Wprowadź i omów film Jak wygląda studium Biblii? (Podczas scenki nie odtwarzaj filmu).','2017-05-29 06:21:50','2017-05-29 06:21:50','',''),(113,11,'SŁUŻBA','Studium biblijne ',6,'bh s. 23, ak. 13-15. Zaproś zainteresowanego na zebranie.','2017-05-29 06:21:50','2017-05-29 06:21:50','',''),(114,11,'ŻYCIE','Wiara w Słowo Boże pomaga nam wytrwać w próbach ',15,'Punkt z udziałem obecnych. Omówcie niektóre z podanych wersetów: Izajasza 33:24; 65:21, 22; Jana 5:28, 29; Objawienie 21:4. Odtwórz film Docenianie korzyści panowania Królestwa. Zachęć wszyst','2017-05-29 06:21:50','2017-05-29 06:21:50','',''),(115,11,'ŻYCIE','Zborowe studium Biblii ',30,'kr rozdz. 15, ak. 29-36, ramka powtórkowa „Jak bardzo realne jest dla ciebie Królestwo?”','2017-05-29 06:21:50','2017-05-29 06:21:50','',''),(147,3,'SKARBY','„Słowo Jehowy spełnia się w najdrobniejszym szczególe” ',10,'','2017-06-08 13:32:14','2017-06-08 13:32:14','',''),(148,3,'SKARBY','Wyszukujemy duchowe skarby',8,'','2017-06-08 13:32:14','2017-06-08 13:32:14','',''),(149,3,'SKARBY','Jer 51:1-11',4,'','2017-06-08 13:32:14','2017-06-08 13:32:14','',''),(150,3,'SŁUŻBA','Prowadzenie rozmów w tym miesiącu ',15,'Omówienie z udziałem obecnych materiału „Jak poprowadzić rozmowę”. Odtwórz każdy z filmów instruktażowych i omówcie ich najważniejsze elementy. Zachęć głosicieli, żeby kierowali uwagę domowni','2017-06-08 13:32:14','2017-06-08 13:32:14','',''),(151,3,'ŻYCIE','„Jak silna jest twoja wiara w obietnice Jehowy?” ',15,'Pytania i odpowiedzi. Zachęć wszystkich, by od czasu do czasu rozmawiali ze współwyznawcami o proroctwach biblijnych z myślą o wzajemnym budowaniu wiary (Rz 1:11, 12).','2017-06-08 13:32:14','2017-06-08 13:32:14','',''),(152,3,'ŻYCIE','Zborowe studium Biblii ',30,'kr rozdz. 13, ak. 24-32','2017-06-08 13:32:14','2017-06-08 13:32:14','',''),(153,12,'SKARBY','„Jehowa nagrodził pogański naród” ',10,'','2017-07-24 12:53:02','2017-07-24 12:53:02','',''),(154,12,'SKARBY','Wyszukujemy duchowe skarby',8,'','2017-07-24 12:53:02','2017-07-24 12:53:02','',''),(155,12,'SKARBY','Eze 29:1-12',4,'','2017-07-24 12:53:02','2017-07-24 12:53:02','',''),(156,12,'SŁUŻBA','Prowadzenie rozmów w tym miesiącu ',15,'Omówienie z udziałem obecnych materiału „Jak poprowadzić rozmowę”. Odtwórz każdy z filmów instruktażowych i omówcie ich najważniejsze elementy. Zachęć głosicieli, żeby w rozmowach z ludźmi po','2017-07-24 12:53:02','2017-07-24 12:53:02','',''),(157,12,'ŻYCIE','Potrzeby zboru ',5,'Możesz omówić z udziałem obecnych materiał z Rocznika (yb17 ss. 35, 36 oraz ramka na stronie 35).','2017-07-24 12:53:02','2017-07-24 12:53:02','',''),(158,12,'ŻYCIE','„Pielęgnuj przymioty podobające się Bogu: Pokora” ',10,'Omówienie z udziałem obecnych. Odtwórz film Unikajmy tego, co osłabia lojalność: Pycha.','2017-07-24 12:53:02','2017-07-24 12:53:02','',''),(159,12,'ŻYCIE','Zborowe studium Biblii ',30,'kr „Część 5: Działalność edukacyjna Królestwa — szkolenie sług Króla”, rozdz. 16, ak. 1-5, ramki „Wielbienie Boga w gronie rodziny” oraz „Doroczne zgromadzenia jednoczące lud Boży”','2017-07-24 12:53:02','2017-07-24 12:53:02','',''),(160,13,'SKARBY','„Odpowiedzialne zadanie strażnika” ',10,'','2017-07-24 12:57:30','2017-07-24 12:57:30','',''),(161,13,'SKARBY','Wyszukujemy duchowe skarby',8,'','2017-07-24 12:57:30','2017-07-24 12:57:30','',''),(162,13,'SKARBY','Eze 32:1-16',4,'','2017-07-24 12:57:30','2017-07-24 12:57:30','',''),(163,13,'SŁUŻBA','Pierwsza rozmowa ',2,'g17.4, temat z okładki. Przygotuj grunt pod odwiedziny ponowne.','2017-07-24 12:57:30','2017-07-24 12:57:30','',''),(164,13,'SŁUŻBA','Odwiedziny ponowne ',4,'g17.4, temat z okładki. Zachęć rozmówcę do przychodzenia na zebrania.','2017-07-24 12:57:30','2017-07-24 12:57:30','',''),(165,13,'SŁUŻBA','Studium biblijne ',6,'fg lekcja 2, ak. 9, 10. Pokaż, jak trafiać zainteresowanemu do serca.','2017-07-24 12:57:30','2017-07-24 12:57:30','',''),(166,13,'ŻYCIE','„Pielęgnuj przymioty podobające się Bogu: Odwaga” ',15,'Omówienie z udziałem obecnych. Odtwórz film Unikajmy tego, co osłabia lojalność: Strach przed człowiekiem.','2017-07-24 12:57:30','2017-07-24 12:57:30','',''),(167,13,'ŻYCIE','Zborowe studium Biblii ',30,'kr rozdz. 16, ak. 6-17','2017-07-24 12:57:30','2017-07-24 12:57:30','',''),(168,14,'SKARBY','„Gog z Magog wkrótce zostanie zniszczony” ',10,'','2017-07-24 12:58:02','2017-07-24 12:58:02','',''),(169,14,'SKARBY','Wyszukujemy duchowe skarby',8,'','2017-07-24 12:58:02','2017-07-24 12:58:02','',''),(170,14,'SKARBY','Eze 35:1-15',4,'','2017-07-24 12:58:02','2017-07-24 12:58:02','',''),(171,14,'SŁUŻBA','Pierwsza rozmowa ',2,'Ps 37:29, „Uczmy innych prawdy”.','2017-07-24 12:58:02','2017-07-24 12:58:02','',''),(172,14,'SŁUŻBA','Odwiedziny ponowne ',4,'Rdz 1:28; Iz 55:11, „Uczmy innych prawdy”.','2017-07-24 12:58:02','2017-07-24 12:58:02','',''),(173,14,'SŁUŻBA','Przemówienie ',6,'w16.07 ss. 31, 32. Temat: Co oznacza złączenie dwóch lasek opisane w 37 rozdziale Księgi Ezechiela?','2017-07-24 12:58:02','2017-07-24 12:58:02','',''),(174,14,'ŻYCIE','„Pielęgnuj przymioty podobające się Bogu: Wiara” ',15,'Omówienie z udziałem obecnych. Odtwórz film Pielęgnujmy przymioty, które umacniają lojalność: Wiara.','2017-07-24 12:58:02','2017-07-24 12:58:02','',''),(175,14,'ŻYCIE','Zborowe studium Biblii ',30,'kr rozdz. 16, ak. 18-24, ramka „Śpiewanie o prawdzie”, ramka powtórkowa „Jak bardzo realne jest dla ciebie Królestwo?”','2017-07-24 12:58:02','2017-07-24 12:58:02','',''),(176,15,'SKARBY','„Świątynia z wizji Ezechiela a ty” ',10,'','2017-07-24 12:58:24','2017-07-24 12:58:24','',''),(177,15,'SKARBY','Wyszukujemy duchowe skarby',8,'','2017-07-24 12:58:24','2017-07-24 12:58:24','',''),(178,15,'SKARBY','Eze 40:32-47',4,'','2017-07-24 12:58:24','2017-07-24 12:58:24','',''),(179,15,'SŁUŻBA','Pierwsza rozmowa ',2,'fg lekcja 1, ak. 1. Wprowadź film Czy chciałbyś usłyszeć dobrą nowinę? (Podczas scenki nie odtwarzaj filmu). Zaproponuj broszurę.','2017-07-24 12:58:24','2017-07-24 12:58:24','',''),(180,15,'SŁUŻBA','Odwiedziny ponowne ',4,'fg lekcja 1, ak. 2. Przygotuj grunt pod kolejną rozmowę.','2017-07-24 12:58:24','2017-07-24 12:58:24','',''),(181,15,'SŁUŻBA','Studium biblijne ',6,'fg lekcja 1, ak. 3, 4','2017-07-24 12:58:24','2017-07-24 12:58:24','',''),(182,15,'ŻYCIE','„Kiedy mogę znów podjąć pomocniczą służbę pionierską?” ',15,'Omówienie z udziałem obecnych. Odtwórz film ‛Z Jehową mogę robić prawie wszystko’.','2017-07-24 12:58:24','2017-07-24 12:58:24','',''),(183,15,'ŻYCIE','Zborowe studium Biblii ',30,'kr rozdz. 17, ak. 1-9','2017-07-24 12:58:24','2017-07-24 12:58:24','',''),(184,16,'SKARBY','„Czyste wielbienie się odrodzi!” ',10,'','2017-07-24 12:58:52','2017-07-24 12:58:52','',''),(185,16,'SKARBY','Wyszukujemy duchowe skarby',8,'','2017-07-24 12:58:52','2017-07-24 12:58:52','',''),(186,16,'SKARBY','Eze 44:1-9',4,'','2017-07-24 12:58:52','2017-07-24 12:58:52','',''),(187,16,'SŁUŻBA','Prowadzenie rozmów w tym miesiącu ',15,'Omówienie z udziałem obecnych materiału „Jak poprowadzić rozmowę”. Odtwórz każdy z filmów instruktażowych i omówcie ich najważniejsze elementy.','2017-07-24 12:58:52','2017-07-24 12:58:52','',''),(188,16,'ŻYCIE','„Dlaczego cenisz czyste wielbienie?” ',15,'Omówienie z udziałem obecnych.','2017-07-24 12:58:52','2017-07-24 12:58:52','',''),(189,16,'ŻYCIE','Zborowe studium Biblii ',30,'kr rozdz. 17, ak. 10-18','2017-07-24 12:58:52','2017-07-24 12:58:52','',''),(190,17,'SKARBY','„Błogosławieństwa, jakich zazna odrodzony Izrael” ',10,'','2017-07-24 12:59:10','2017-07-24 12:59:10','',''),(191,17,'SKARBY','Wyszukujemy duchowe skarby',8,'','2017-07-24 12:59:10','2017-07-24 12:59:10','',''),(192,17,'SKARBY','Eze 48:13-22',4,'','2017-07-24 12:59:10','2017-07-24 12:59:10','',''),(193,17,'SŁUŻBA','Pierwsza rozmowa ',2,'wp17.5, temat z okładki. Przygotuj grunt pod odwiedziny ponowne.','2017-07-24 12:59:10','2017-07-24 12:59:10','',''),(194,17,'SŁUŻBA','Odwiedziny ponowne ',4,'wp17.5. Czasopismo wręczono podczas poprzedniej wizyty. Dokonaj odwiedzin ponownych i wprowadź którąś z publikacji do studium.','2017-07-24 12:59:10','2017-07-24 12:59:10','',''),(195,17,'SŁUŻBA','Studium biblijne ',6,'bh s. 33, ak. 17. Zaproś zainteresowanego na zebranie.','2017-07-24 12:59:10','2017-07-24 12:59:10','',''),(196,17,'ŻYCIE','Potrzeby zboru ',8,'Możesz omówić z udziałem obecnych materiał z Rocznika (yb17 s. 63, ak. 3, do s. 64, ak. 2).','2017-07-24 12:59:10','2017-07-24 12:59:10','',''),(197,17,'ŻYCIE','Osiągnięcia organizacji ',7,'Odtwórz film z serii Osiągnięcia organizacji przewidziany na wrzesień.','2017-07-24 12:59:10','2017-07-24 12:59:10','',''),(198,17,'ŻYCIE','Zborowe studium Biblii ',30,'kr rozdz. 17, ak. 19, 20, ramka „Szkolenia i kursy dla poddanych Królestwa”, ramka powtórkowa „Jak bardzo realne jest dla ciebie Królestwo?”','2017-07-24 12:59:10','2017-07-24 12:59:10','',''),(199,18,'SKARBY','„Lojalność wobec Jehowy zostaje nagrodzona” ',10,'','2017-07-24 12:59:26','2017-07-24 12:59:26','',''),(200,18,'SKARBY','Wyszukujemy duchowe skarby',8,'','2017-07-24 12:59:26','2017-07-24 12:59:26','',''),(201,18,'SKARBY','Dn 2:31-43',4,'','2017-07-24 12:59:26','2017-07-24 12:59:26','',''),(202,18,'SŁUŻBA','Pierwsza rozmowa ',2,'Iz 40:22, „Uczmy innych prawdy”. Przygotuj grunt pod odwiedziny ponowne.','2017-07-24 12:59:26','2017-07-24 12:59:26','',''),(203,18,'SŁUŻBA','Odwiedziny ponowne ',4,'Rz 15:4, „Uczmy innych prawdy”. Wręcz wizytówkę jw.org.','2017-07-24 12:59:26','2017-07-24 12:59:26','',''),(204,18,'SŁUŻBA','Przemówienie ',6,'w17.02 ss. 29, 30. Temat: Czy Jehowa z góry ocenia, co jesteśmy w stanie znieść, i potem wybiera próby, które nas spotkają?','2017-07-24 12:59:27','2017-07-24 12:59:27','',''),(205,18,'ŻYCIE','„Bądźmy lojalni w obliczu pokus” ',8,'Omówienie z udziałem obecnych.','2017-07-24 12:59:27','2017-07-24 12:59:27','',''),(206,18,'ŻYCIE','„Bądźmy lojalni, gdy nasz bliski zostaje wykluczony” ',7,'Omówienie z udziałem obecnych.','2017-07-24 12:59:27','2017-07-24 12:59:27','',''),(207,18,'ŻYCIE','Zborowe studium Biblii ',30,'kr „Część 6: Wspieranie działalności Królestwa — budowy i akcje pomocy”, rozdz. 18, ak. 1-8','2017-07-24 12:59:27','2017-07-24 12:59:27','',''),(208,19,'SKARBY','„Czy niezachwianie służysz Jehowie?” ',10,'','2017-07-24 12:59:48','2017-07-24 12:59:48','',''),(209,19,'SKARBY','Wyszukujemy duchowe skarby',8,'','2017-07-24 12:59:48','2017-07-24 12:59:48','',''),(210,19,'SKARBY','Dn 4:29-37',4,'','2017-07-24 12:59:48','2017-07-24 12:59:48','',''),(211,19,'SŁUŻBA','Pierwsza rozmowa ',2,'inv','2017-07-24 12:59:48','2017-07-24 12:59:48','',''),(212,19,'SŁUŻBA','Odwiedziny ponowne ',4,'inv. Zaproszenie wręczono podczas poprzedniej wizyty. Dokonaj odwiedzin ponownych.','2017-07-24 12:59:48','2017-07-24 12:59:48','',''),(213,19,'SŁUŻBA','Studium biblijne ',6,'bh s. 120, ak. 16. Zachęć zainteresowanego, żeby był lojalny mimo sprzeciwu członka rodziny.','2017-07-24 12:59:48','2017-07-24 12:59:48','',''),(214,19,'ŻYCIE','„Szkolenie, które pomaga niezachwianie służyć Jehowie” ',15,'Omówienie z udziałem obecnych. Po rozważeniu artykułu obejrzyjcie i omówcie film pokazujący, jak doświadczony głosiciel współpracuje w służbie kaznodziejskiej z nowym głosicielem.','2017-07-24 12:59:48','2017-07-24 12:59:48','',''),(215,19,'ŻYCIE','Zborowe studium Biblii ',30,'kr rozdz. 18, ak. 9-20, ramka „Na co przeznaczane są nasze datki?”, ramka powtórkowa „Jak bardzo realne jest dla ciebie Królestwo?”','2017-07-24 12:59:48','2017-07-24 12:59:48','',''),(216,20,'SKARBY','„Proroctwo Daniela zapowiadało przyjście Mesjasza” ',10,'','2017-07-24 13:00:19','2017-07-24 13:00:19','',''),(217,20,'SKARBY','Wyszukujemy duchowe skarby',8,'','2017-07-24 13:00:19','2017-07-24 13:00:19','',''),(218,20,'SKARBY','Dn 7:1-10',4,'','2017-07-24 13:00:19','2017-07-24 13:00:19','',''),(219,20,'SŁUŻBA','Prowadzenie rozmów w tym miesiącu ',15,'Omówienie z udziałem obecnych materiału „Jak poprowadzić rozmowę”. Odtwórz każdy z filmów instruktażowych i omówcie ich najważniejsze elementy. Zachęć głosicieli, żeby jak najszybciej dokonyw','2017-07-24 13:00:19','2017-07-24 13:00:19','',''),(220,20,'ŻYCIE','„Co pomoże ci wnikliwie studiować Biblię” ',15,'Omówienie z udziałem obecnych. Odtwórz film Narzędzia do odkrywania skarbów duchowych.','2017-07-24 13:00:19','2017-07-24 13:00:19','',''),(221,20,'ŻYCIE','Zborowe studium Biblii ',30,'kr rozdz. 19, ak. 1-7, ramki „Kościół ‚Nowego Światła’” i „Budowa Biur Oddziałów — zmieniające się potrzeby”','2017-07-24 13:00:19','2017-07-24 13:00:19','',''),(222,21,'SKARBY','„Jehowa przepowiedział przyszłość królów” ',10,'','2017-07-24 13:00:43','2017-07-24 13:00:43','',''),(223,21,'SKARBY','Wyszukujemy duchowe skarby',8,'','2017-07-24 13:00:43','2017-07-24 13:00:43','',''),(224,21,'SKARBY','Dn 11:28-39',4,'','2017-07-24 13:00:43','2017-07-24 13:00:43','',''),(225,21,'SŁUŻBA','Pierwsza rozmowa ',2,'g17.5, temat z okładki. Przygotuj grunt pod odwiedziny ponowne.','2017-07-24 13:00:43','2017-07-24 13:00:43','',''),(226,21,'SŁUŻBA','Odwiedziny ponowne ',4,'g17.5, temat z okładki. Czasopismo wręczono podczas poprzedniej wizyty. Kontynuuj rozmowę i przygotuj grunt pod kolejną.','2017-07-24 13:00:43','2017-07-24 13:00:43','',''),(227,21,'SŁUŻBA','Przemówienie ',6,'w16.11 ss. 5, 6, ak. 7, 8. Temat: Jak powinniśmy naśladować Jehowę pod względem udzielania zachęt?','2017-07-24 13:00:43','2017-07-24 13:00:43','',''),(228,21,'ŻYCIE','Umocnieni przez proroctwa biblijne ',15,'Odtwórz film Umocnieni przez „słowo prorocze”.','2017-07-24 13:00:43','2017-07-24 13:00:43','',''),(229,21,'ŻYCIE','Zborowe studium Biblii ',30,'kr rozdz. 19, ak. 8-18, ramka powtórkowa „Jak bardzo realne jest dla ciebie Królestwo?”','2017-07-24 13:00:43','2017-07-24 13:00:43','',''),(230,22,'SKARBY','„Czy tak jak Jehowa masz upodobanie w lojalnej miłości?” ',10,'','2017-07-24 13:01:05','2017-07-24 13:01:05','',''),(231,22,'SKARBY','Wyszukujemy duchowe skarby',8,'','2017-07-24 13:01:05','2017-07-24 13:01:05','',''),(232,22,'SKARBY','Oz 7:1-16',4,'','2017-07-24 13:01:05','2017-07-24 13:01:05','',''),(233,22,'SŁUŻBA','Pierwsza rozmowa ',2,'1Jn 5:3, „Uczmy innych prawdy”. Zachęć zainteresowanego do przychodzenia na zebrania.','2017-07-24 13:01:05','2017-07-24 13:01:05','',''),(234,22,'SŁUŻBA','Odwiedziny ponowne ',4,'Pwt 30:11-14; Iz 48:17, 18, „Uczmy innych prawdy”. Skieruj uwagę na serwis jw.org. (Zob. mwb16.08 s. 8, ak. 2).','2017-07-24 13:01:05','2017-07-24 13:01:05','',''),(235,22,'SŁUŻBA','Studium biblijne ',6,'lv ss. 12, 13, ak. 16-18. Pokaż, jak trafiać zainteresowanemu do serca.','2017-07-24 13:01:05','2017-07-24 13:01:05','',''),(236,22,'ŻYCIE','Potrzeby zboru ',15,'Przemówienie starszego. Zacznij od pięciominutowego, opartego na Biblii wstępu, przygotowanego na podstawie Strażnicy z 15 listopada 2015 roku, strona 14. Następnie odtwórz film Jak składać d','2017-07-24 13:01:05','2017-07-24 13:01:05','',''),(237,22,'ŻYCIE','Zborowe studium Biblii ',30,'kr rozdz. 20, ak. 1-6, ramki „Pierwsza wielka akcja pomocy w czasach nowożytnych”, „Przygotowania na wypadek sytuacji kryzysowej” i „W sytuacji kryzysowej...”','2017-07-24 13:01:05','2017-07-24 13:01:05','',''),(238,23,'SKARBY','„Dawaj Jehowie to, co masz najlepszego” ',10,'','2017-07-24 13:01:28','2017-07-24 13:01:28','',''),(239,23,'SKARBY','Wyszukujemy duchowe skarby',8,'','2017-07-24 13:01:28','2017-07-24 13:01:28','',''),(240,23,'SKARBY','Oz 8:1-14',4,'','2017-07-24 13:01:28','2017-07-24 13:01:28','',''),(241,23,'SŁUŻBA','Pierwsza rozmowa ',2,'T-35','2017-07-24 13:01:28','2017-07-24 13:01:28','',''),(242,23,'SŁUŻBA','Odwiedziny ponowne ',4,'T-35. Traktat wręczono podczas poprzedniej wizyty. Kontynuuj rozmowę i odpowiedz na zarzut domownika.','2017-07-24 13:01:28','2017-07-24 13:01:28','',''),(243,23,'SŁUŻBA','Studium biblijne ',6,'lv s. 152, ak. 13-15. Pokaż, jak trafiać zainteresowanemu do serca.','2017-07-24 13:01:28','2017-07-24 13:01:28','',''),(244,23,'ŻYCIE','„Poświęć swoje życie Jehowie!” ',15,'Omówienie z udziałem obecnych. Odtwórz film Korzystaj z talentów w służbie dla Jehowy.','2017-07-24 13:01:28','2017-07-24 13:01:28','',''),(245,23,'ŻYCIE','Zborowe studium Biblii ',30,'kr rozdz. 20, ak. 7-16, ramka „Dodatkowe narzędzie”','2017-07-24 13:01:28','2017-07-24 13:01:28','',''),(246,24,'SKARBY','„Wasi synowie oraz wasze córki ',10,'','2017-07-24 13:01:44','2017-07-24 13:01:44','',''),(247,24,'SKARBY','Wyszukujemy duchowe skarby',8,'','2017-07-24 13:01:44','2017-07-24 13:01:44','',''),(248,24,'SKARBY','Jl 2:28 do 3:8',4,'','2017-07-24 13:01:44','2017-07-24 13:01:44','',''),(249,24,'SŁUŻBA','Pierwsza rozmowa ',2,'wizytówka jw.org','2017-07-24 13:01:44','2017-07-24 13:01:44','',''),(250,24,'SŁUŻBA','Odwiedziny ponowne ',4,'wizytówka jw.org. Wizytówkę wręczono podczas poprzedniej wizyty. Kontynuuj rozmowę, a na koniec zwróć uwagę na film z serwisu jw.org.','2017-07-24 13:01:44','2017-07-24 13:01:44','',''),(251,24,'SŁUŻBA','Studium biblijne ',6,'lv ss. 196, 197, ak. 3-5','2017-07-24 13:01:44','2017-07-24 13:01:44','',''),(252,24,'ŻYCIE','Jehowa pomaga nam wytrwać w próbach ',9,'Odtwórz film Jehowa jest dla mnie „potężną wieżą”. Następnie poproś obecnych, by odpowiedzieli na pytania: Jakie próby spotkały rodzinę Henschelów? Jaki wpływ na dzieci może mieć wiara i loja','2017-07-24 13:01:44','2017-07-24 13:01:44','',''),(253,24,'ŻYCIE','Zostań przyjacielem Jehowy: Imię Jehowa ',6,'Odtwórz film Zostań przyjacielem Jehowy: Imię Jehowa. Potem zaproś na scenę wybrane dzieci i zadaj im pytania: Co oznacza imię Jehowa? Co Jehowa stworzył? Jak Jehowa może ci pomóc?','2017-07-24 13:01:44','2017-07-24 13:01:44','',''),(254,24,'ŻYCIE','Zborowe studium Biblii ',30,'kr rozdz. 20, ak. 17-19; ramki „To nadało kierunek jego życiu” i „Pomoc niesiona przez ochotników na całym świecie” oraz ramka powtórkowa „Jak bardzo realne jest dla ciebie Królestwo?”','2017-07-24 13:01:44','2017-07-24 13:01:44','',''),(255,25,'SKARBY','„Szukaj Jehowy i żyj” ',10,'',NULL,NULL,'',''),(256,25,'SKARBY','Wyszukujemy duchowe skarby',8,'',NULL,NULL,'',''),(257,25,'SKARBY','Am 4:1-13',4,'',NULL,NULL,'',''),(258,25,'SŁUŻBA','Prowadzenie rozmów w tym miesiącu ',15,'Omówienie z udziałem obecnych materiału „Jak poprowadzić rozmowę”. Odtwórz każdy z filmów instruktażowych i omówcie ich najważniejsze elementy.',NULL,NULL,'',''),(259,25,'ŻYCIE','„Podnośmy jakość swojej służby: Dokonywanie odwiedzin ponownych” ',15,'Po omówieniu artykułu z udziałem obecnych obejrzyjcie i omówcie film pokazujący, jak dwie głosicielki dokonują odwiedzin ponownych.',NULL,NULL,'',''),(260,25,'ŻYCIE','Zborowe studium Biblii ',30,'kr „Część 7: Obietnice co do Królestwa — ‚wszystko nowe’”, rozdz. 21, ak. 1-7',NULL,NULL,'',''),(261,26,'SKARBY','„Wyciągaj wnioski ze swoich błędów” ',10,'',NULL,NULL,'',''),(262,26,'SKARBY','Wyszukujemy duchowe skarby',8,'',NULL,NULL,'',''),(263,26,'SKARBY','Jon 3:1-10',4,'',NULL,NULL,'',''),(264,26,'SŁUŻBA','Pierwsza rozmowa ',2,'wp17.6, temat z okładki. Przygotuj grunt pod odwiedziny ponowne.',NULL,NULL,'',''),(265,26,'SŁUŻBA','Odwiedziny ponowne ',4,'wp17.6. Czasopismo wręczono podczas poprzedniej wizyty. Dokonaj odwiedzin ponownych i wprowadź którąś z publikacji do studium.',NULL,NULL,'',''),(266,26,'SŁUŻBA','Studium biblijne ',6,'ld ss. 12, 13. (Wybierz, które ilustracje omówić).',NULL,NULL,'',''),(267,26,'ŻYCIE','„Lekcje płynące z Księgi Jonasza” ',15,'Omów artykuł po odtworzeniu filmu Rodzinne wielbienie Boga: Jonasz — nauka płynąca z miłosierdzia Jehowy.',NULL,NULL,'',''),(268,26,'ŻYCIE','Zborowe studium Biblii ',30,'kr rozdz. 21, ak. 8-14',NULL,NULL,'',''),(269,27,'SKARBY','„Czego Jehowa od nas wymaga?” ',10,'',NULL,NULL,'',''),(270,27,'SKARBY','Wyszukujemy duchowe skarby',8,'',NULL,NULL,'',''),(271,27,'SKARBY','Mi 4:1-10',4,'',NULL,NULL,'',''),(272,27,'SŁUŻBA','Pierwsza rozmowa ',2,'Ps 83:18, „Uczmy innych prawdy”. Przygotuj grunt pod odwiedziny ponowne.',NULL,NULL,'',''),(273,27,'SŁUŻBA','Odwiedziny ponowne ',4,'Wj 3:14, „Uczmy innych prawdy”. Przygotuj grunt pod kolejną rozmowę.',NULL,NULL,'',''),(274,27,'SŁUŻBA','Studium biblijne ',6,'bh ss. 123, 124, ak. 20, 21',NULL,NULL,'',''),(275,27,'ŻYCIE','Potrzeby zboru ',6,'',NULL,NULL,'',''),(276,27,'ŻYCIE','Jehowa chce, żebyśmy byli szczodrzy ',9,'Odtwórz film.',NULL,NULL,'',''),(277,27,'ŻYCIE','Zborowe studium Biblii ',30,'kr rozdz. 21, ak. 15-20, ramka „Jakie wydarzenia są przed nami”, ramka powtórkowa „Jak bardzo realne jest dla ciebie Królestwo?”',NULL,NULL,'',''),(278,28,'SKARBY','„Zachowuj czujność i aktywność duchową” ',10,'',NULL,NULL,'',''),(279,28,'SKARBY','Wyszukujemy duchowe skarby',8,'',NULL,NULL,'',''),(280,28,'SKARBY','Hab 2:15 do 3:6',4,'',NULL,NULL,'',''),(281,28,'SŁUŻBA','Pierwsza rozmowa ',2,'hf. Przygotuj grunt pod odwiedziny ponowne.',NULL,NULL,'',''),(282,28,'SŁUŻBA','Odwiedziny ponowne ',4,'hf. Broszurę wręczono podczas poprzedniej wizyty. Pokaż, jak dokonać odwiedzin ponownych.',NULL,NULL,'',''),(283,28,'SŁUŻBA','Przemówienie ',6,'w16.03 ss. 23-25. Temat: Czy możesz robić więcej w swoim zborze?',NULL,NULL,'',''),(284,28,'ŻYCIE','„Zachowuj czujność i aktywność duchową, gdy zmieniają się twoje warunki” ',15,'Omówienie z udziałem obecnych. Odtwórz film Stabilni duchowo w czasie przeprowadzki.',NULL,NULL,'',''),(285,28,'ŻYCIE','Zborowe studium Biblii ',30,'kr rozdz. 22, ak. 1-7',NULL,NULL,'',''),(286,29,'SKARBY','„Szukajmy Jehowy, zanim przyjdzie dzień Jego gniewu” ',10,'',NULL,NULL,'',''),(287,29,'SKARBY','Wyszukujemy duchowe skarby',8,'',NULL,NULL,'',''),(288,29,'SKARBY','Ag 2:1-14',4,'',NULL,NULL,'',''),(289,29,'SŁUŻBA','Prowadzenie rozmów w tym miesiącu ',15,'Omówienie z udziałem obecnych materiału „Jak poprowadzić rozmowę”. Odtwórz każdy z filmów instruktażowych i omówcie ich najważniejsze elementy. Zachęć głosicieli, żeby postarali się rozpowsze',NULL,NULL,'',''),(290,29,'ŻYCIE','Potrzeby zboru ',5,'',NULL,NULL,'',''),(291,29,'ŻYCIE','Czysta mowa przyczynia się do pokoju i jedności ',10,'Omówienie z udziałem obecnych materiału ze Strażnicy z 15 sierpnia 2012 roku, strona 12, akapit 4. Odtwórz film Dawni wrogowie zostają przyjaciółmi.',NULL,NULL,'',''),(292,29,'ŻYCIE','Zborowe studium Biblii ',30,'kr rozdz. 22, ak. 8-16',NULL,NULL,'',''),(293,30,'SKARBY','„Uchwyćmy się szaty Żyda” ',10,'',NULL,NULL,'',''),(294,30,'SKARBY','Wyszukujemy duchowe skarby',8,'',NULL,NULL,'',''),(295,30,'SKARBY','Za 8:14-23',4,'',NULL,NULL,'',''),(296,30,'SŁUŻBA','Pierwsza rozmowa ',2,'g17.6, temat z okładki. Przygotuj grunt pod odwiedziny ponowne.',NULL,NULL,'',''),(297,30,'SŁUŻBA','Odwiedziny ponowne ',4,'g17.6. Czasopismo wręczono podczas poprzedniej wizyty. Pokaż, jak dokonać odwiedzin ponownych, i przygotuj grunt pod kolejną rozmowę.',NULL,NULL,'',''),(298,30,'SŁUŻBA','Studium biblijne ',6,'fg lekcja 5, ak. 1, 2',NULL,NULL,'',''),(299,30,'ŻYCIE','„Podnośmy jakość swojej służby: Docieranie do każdego mieszkańca naszego terenu” ',15,'Omówienie z udziałem obecnych. Odtwórz film Głoszenie w „najodleglejszym miejscu na ziemi”.',NULL,NULL,'',''),(300,30,'ŻYCIE','Zborowe studium Biblii ',30,'kr rozdz. 22, ak. 17-24, ramka powtórkowa „Jak bardzo realne jest dla ciebie Królestwo?”',NULL,NULL,'',''),(301,31,'SKARBY','„Pozostawajmy w ‛dolinie gór’” ',10,'',NULL,NULL,'',''),(302,31,'SKARBY','Wyszukujemy duchowe skarby',8,'',NULL,NULL,'',''),(303,31,'SKARBY','Za 12:1-14',4,'',NULL,NULL,'',''),(304,31,'SŁUŻBA','Pierwsza rozmowa ',2,'g17.6 ss. 14, 15. Zaproś rozmówcę na nasze zebrania.',NULL,NULL,'',''),(305,31,'SŁUŻBA','Odwiedziny ponowne ',4,'g17.6. Strony 14 i 15 omówiono podczas poprzedniej wizyty. Dokonaj odwiedzin ponownych i zaproś rozmówcę na nasze zebrania.',NULL,NULL,'',''),(306,31,'SŁUŻBA','Studium biblijne ',6,'jl lekcja 5. Zaproś rozmówcę na nasze zebrania.',NULL,NULL,'',''),(307,31,'ŻYCIE','Osiągnięcia organizacji ',7,'Odtwórz film z serii Osiągnięcia organizacji przewidziany na grudzień.',NULL,NULL,'',''),(308,31,'ŻYCIE','„Nowość w programie zebrań w tygodniu” ',8,'Omówienie z udziałem obecnych. Odtwórz film Betfage, Góra Oliwna i Jerozolima.',NULL,NULL,'',''),(309,31,'ŻYCIE','Zborowe studium Biblii ',30,'jy ss. 6, 7',NULL,NULL,'',''),(310,32,'SKARBY','„Czy twoje małżeństwo podoba się Jehowie?” ',10,'',NULL,NULL,'',''),(311,32,'SKARBY','Wyszukujemy duchowe skarby',8,'',NULL,NULL,'',''),(312,32,'SKARBY','Mal 1:1-10',4,'',NULL,NULL,'',''),(313,32,'SŁUŻBA','Pierwsza rozmowa ',2,'1Ko 15:26, „Uczmy innych prawdy”.',NULL,NULL,'',''),(314,32,'SŁUŻBA','Odwiedziny ponowne ',4,'Iz 26:19; 2Ko 1:3, 4, „Uczmy innych prawdy”. (Zob. mwb16.08 s. 8, ak. 2).',NULL,NULL,'',''),(315,32,'SŁUŻBA','Przemówienie ',6,'w07 15.12 s. 28, ak. 1. Temat: Jak obecnie ‛przynosimy do spichrza wszystkie dziesięciny’?',NULL,NULL,'',''),(316,32,'ŻYCIE','„Czym jest prawdziwa miłość?” ',15,'Pytania i odpowiedzi.',NULL,NULL,'',''),(317,32,'ŻYCIE','Zborowe studium Biblii ',30,'jy rozdz. 1',NULL,NULL,'',''),(318,33,'SKARBY','„Przybliżyło się królestwo niebios” ',10,'',NULL,'2018-02-26 17:49:20','Artur Żbikowski',''),(319,33,'SKARBY','Wyszukujemy duchowe skarby',8,'',NULL,'2018-02-26 17:49:20','Marek Wilczyński',''),(320,33,'SKARBY','Mt 1:1-17',4,'',NULL,'2018-02-26 17:49:20','Tomasz Szulc',''),(321,33,'SŁUŻBA','Pierwsza rozmowa — film ',4,'Po odtworzeniu filmu omówcie go.',NULL,'2018-02-26 17:49:20','Jarosław Rola',''),(322,33,'SŁUŻBA','Pierwsze odwiedziny ',3,'patrz „Schematy rozmów”',NULL,'2018-02-26 17:49:20','Sylwia Rola',''),(323,33,'SŁUŻBA','Studium biblijne ',6,'bh s. 39, ak. 6, 7',NULL,'2018-02-26 17:49:20','Milena Richter',''),(324,33,'ŻYCIE','Sprawozdanie roczne ze służby ',15,'Przemówienie starszego. Najpierw odczytaj list z Biura Oddziału dotyczący sprawozdania z działalności w poprzednim roku służbowym. Następnie przeprowadź wywiad z wybranymi wcześniej głosiciel',NULL,'2018-02-26 17:49:20','Dawid Richter',''),(325,33,'ŻYCIE','Zborowe studium Biblii ',30,'jy rozdz. 2',NULL,'2018-02-26 17:49:20','Maciej Fopp','Rafał Matuszczak'),(326,34,'SKARBY','„Nauki Jezusa płynące z Kazania na Górze” ',10,'',NULL,'2018-02-26 17:49:20','Tomasz Stębnowski',''),(327,34,'SKARBY','Wyszukujemy duchowe skarby',8,'',NULL,'2018-02-26 17:49:20','Jarosław Rola',''),(328,34,'SKARBY','Mt 5:31-48',4,'',NULL,'2018-02-26 17:49:20','Filip Fopp',''),(329,34,'SŁUŻBA','Pierwsza rozmowa ',2,'patrz „Schematy rozmów”',NULL,'2018-02-26 17:49:20','Małgorzata Żbikowska',''),(330,34,'SŁUŻBA','Pierwsze odwiedziny — film ',5,'Po odtworzeniu filmu omówcie go.',NULL,'2018-02-26 17:49:20','Dawid Richter',''),(331,34,'SŁUŻBA','Przemówienie ',6,'w16.03 ss. 31, 32. Temat: Czy Szatan w trakcie kuszenia Jezusa literalnie wziął go do świątyni?',NULL,'2018-02-26 17:49:20','Rafał Matuszczak',''),(332,34,'ŻYCIE','Szczęśliwi, którzy są prześladowani ze względu na prawość ',9,'Odtwórz film Namgungowie: Więzieni za wiarę, a następnie omów z udziałem obecnych, czego można się nauczyć z tej relacji.',NULL,'2018-02-26 17:49:20','Artur Żbikowski',''),(333,34,'ŻYCIE','„‚Najpierw zawrzyj pokój ze swym bratem’ — jak to zrobić?” ',6,'Omówienie z udziałem obecnych. Rozważcie, dlaczego tylko ostatnia opcja na każdej liście jest właściwa.',NULL,'2018-02-26 17:49:20','Andrzej Sadowski',''),(334,34,'ŻYCIE','Zborowe studium Biblii ',30,'jy rozdz. 3',NULL,'2018-02-26 17:49:20','Marek Wilczyński','Andrzej Wójcik'),(335,35,'SKARBY','„Stale szukajmy najpierw Królestwa” ',10,'',NULL,'2018-02-26 17:49:20','Dawid Richter',''),(336,35,'SKARBY','Wyszukujemy duchowe skarby',8,'',NULL,'2018-02-26 17:49:20','Mateusz Wilczyński',''),(337,35,'SKARBY','Mt 6:1-18',4,'',NULL,'2018-02-26 17:49:20','Zdzisław Brzeszczyński',''),(338,35,'SŁUŻBA','Pierwsza rozmowa ',2,'Skorzystaj ze schematu rozmowy. Pokaż, jak zareagować na zarzut często spotykany na waszym terenie.',NULL,'2018-02-26 17:49:20','Aleksandra Matuszczak',''),(339,35,'SŁUŻBA','Pierwsze odwiedziny ',3,'Skorzystaj ze schematu rozmowy. Nie zastałeś osoby, z którą rozmawiałeś poprzednio, tylko jej krewnego.',NULL,'2018-02-26 17:49:20','Henryka Kukulska',''),(340,35,'SŁUŻBA','Drugie odwiedziny — film ',5,'Po odtworzeniu filmu omówcie go.',NULL,'2018-02-26 17:49:20','Andrzej Sadowski',''),(341,35,'ŻYCIE','„Przestańmy się zamartwiać” ',15,'Omówienie z udziałem obecnych. Na początek odtwórz film Lekcje płynące z obrazów słownych użytych przez Jezusa: Przypatrzcie się ptakom i liliom.',NULL,'2018-02-26 17:49:20','Tomasz Stębnowski',''),(342,35,'ŻYCIE','Zborowe studium Biblii ',30,'jy rozdz. 4',NULL,'2018-02-26 17:49:20','Jarosław Rola','Samuel Owczarek'),(366,37,'SKARBY','„Jezus zapewniał pokrzepienie” ',10,'',NULL,'2018-02-26 17:49:20','Marek Wilczyński',''),(367,37,'SKARBY','Wyszukujemy duchowe skarby',8,'',NULL,'2018-02-26 17:49:20','Artur Żbikowski',''),(368,37,'SKARBY','Mt 11:1-19',4,'',NULL,'2018-02-26 17:49:20','Andrzej Kozłowski',''),(369,37,'SŁUŻBA','Drugie odwiedziny ',3,'patrz „Schematy rozmów”',NULL,'2018-02-26 17:49:20','Eliza Kostun',''),(370,37,'SŁUŻBA','Trzecie odwiedziny ',3,'Sam wybierz werset i pytanie na koniec rozmowy.',NULL,'2018-02-26 17:49:20','Anna Matuszczak',''),(371,37,'SŁUŻBA','Studium biblijne ',6,'bh ss. 42, 43, ak. 15, 16. Zaproś zainteresowanego na zebranie.',NULL,'2018-02-26 17:49:20','Aleksandra Wójcik',''),(372,37,'ŻYCIE','Pokrzepianie tych, ‛którzy się mozolą i są obciążeni’ ',15,'Odtwórz film.',NULL,'2018-02-26 17:49:20','Andrzej Sadowski',''),(373,37,'ŻYCIE','Zborowe studium Biblii ',30,'jy rozdz. 6, ramka „Gdy nastał czas ich oczyszczenia”',NULL,'2018-02-26 17:49:20','Tomasz Stębnowski','Mateusz Wilczyński'),(374,38,'SKARBY','„Przypowieść o pszenicy i chwastach” ',10,'',NULL,'2018-02-26 17:33:20','Tomasz Stębnowski',''),(375,38,'SKARBY','Wyszukujemy duchowe skarby',8,'',NULL,'2018-02-26 17:33:20','Andrzej Wójcik',''),(376,38,'SKARBY','Mt 12:1-21',4,'',NULL,'2018-02-26 17:33:20','Sylwester Kacprzak',''),(377,38,'SŁUŻBA','Pierwsza rozmowa — film ',4,'Po odtworzeniu filmu omówcie go.',NULL,'2018-02-26 17:33:20','Jarosław Rola',''),(378,38,'SŁUŻBA','Pierwsze odwiedziny ',3,'Skorzystaj ze schematu rozmowy.',NULL,'2018-02-26 17:33:20','Jakub Jaskulski',''),(379,38,'SŁUŻBA','Studium biblijne ',6,'bh ss. 21, 22, ak. 10-12',NULL,'2018-02-26 17:33:20','Marta Ściborowska',''),(380,38,'ŻYCIE','Potrzeby zboru ',5,'',NULL,'2018-02-26 17:33:21','Artur Żbikowski',''),(381,38,'ŻYCIE','„Przykłady o Królestwie i ich znaczenie dla nas” ',10,'Omówienie z udziałem obecnych. Rozważcie, jak te przykłady powinny wpływać na nasz udział w służbie.',NULL,'2018-02-26 17:33:21','Andrzej Sadowski',''),(382,38,'ŻYCIE','Zborowe studium Biblii ',30,'jy rozdz. 7',NULL,'2018-02-26 17:33:21','Maciej Fopp','Samuel Owczarek'),(383,36,'SKARBY','„Jezus kochał ludzi” ',10,'',NULL,'2018-02-26 17:49:20','Maciej Fopp',''),(384,36,'SKARBY','Wyszukujemy duchowe skarby',8,'',NULL,'2018-02-26 17:49:20','Dawid Richter',''),(385,36,'SKARBY','Mt 8:1-17',4,'',NULL,'2018-02-26 17:49:20','Mateusz Wilczyński',''),(386,36,'SŁUŻBA','Drugie odwiedziny ',3,'Skorzystaj ze schematu rozmowy. Zaproś rozmówcę na zebranie.',NULL,'2018-02-26 17:49:20','Beata Owczarek',''),(387,36,'SŁUŻBA','Trzecie odwiedziny ',3,'Sam wybierz werset i zaproponuj którąś z publikacji do studium.',NULL,'2018-02-26 17:49:20','Mariola Łyszcz',''),(388,36,'SŁUŻBA','Studium biblijne ',6,'bh s. 44, ak. 18, 19',NULL,'2018-02-26 17:49:20','Anna Piotrowska',''),(389,36,'ŻYCIE','„Bóg uczynił go zarówno Panem, jak i Chrystusem” — część I ',15,'Omówienie z udziałem obecnych. ',NULL,'2018-02-26 17:49:20','Jarosław Rola',''),(390,36,'ŻYCIE','Zborowe studium Biblii ',30,'jy rozdz. 5',NULL,'2018-02-26 17:49:20','Andrzej Sadowski','Marcin Polański'),(391,39,'SKARBY','„Karmienie wielu rękami niewielu” ',10,'',NULL,'2018-02-26 17:33:21','Maciej Fopp',''),(392,39,'SKARBY','Wyszukujemy duchowe skarby',8,'',NULL,'2018-02-26 17:33:21','Marek Wilczyński',''),(393,39,'SKARBY','Mt 15:1-20',4,'',NULL,'2018-02-26 17:33:21','Adrian Siporski',''),(394,39,'SŁUŻBA','Pierwsza rozmowa ',2,'Skorzystaj ze schematu rozmowy.',NULL,'2018-02-26 17:33:21','Jadwiga Śliwińska',''),(395,39,'SŁUŻBA','Pierwsze odwiedziny — film ',5,'Po odtworzeniu filmu omówcie go.',NULL,'2018-02-26 17:33:21','Andrzej Sadowski',''),(396,39,'SŁUŻBA','Przemówienie ',6,'w15 15.9 ss. 16, 17, ak. 14-17. Temat: Wpatruj się w Jezusa, by wzmocnić swoją wiarę.',NULL,'2018-02-26 17:33:21','Andrzej Wójcik',''),(397,39,'ŻYCIE','Zostań przyjacielem Jehowy: Zawieraj nowe przyjaźnie ',7,'Odtwórz film. Potem zaproś na scenę wybrane dzieci i zadaj im pytania: Dlaczego trzeba się przyjaźnić z tymi, którzy kochają Jehowę? Czego można się od nich nauczyć?',NULL,'2018-02-26 17:33:21','Jarosław Rola',''),(398,39,'ŻYCIE','„Szanuj swego ojca i swą matkę” ',8,'Omówienie z udziałem obecnych. Odtwórz film Jak rozmawiać z rodzicami?',NULL,'2018-02-26 17:33:21','Artur Żbikowski',''),(399,39,'ŻYCIE','Zborowe studium Biblii ',30,'jy rozdz. 8',NULL,'2018-02-26 17:33:21','Dawid Richter','Wojciech Przywecki'),(400,40,'SKARBY','„Czyim sposobem myślenia się kierujesz?” ',10,'',NULL,'2018-02-26 17:33:21','Dawid Richter',''),(401,40,'SKARBY','Wyszukujemy duchowe skarby',8,'',NULL,'2018-02-26 17:33:21','Mateusz Wilczyński',''),(402,40,'SKARBY','Mt 16:1-20',4,'',NULL,'2018-02-26 17:33:21','Filip Sadowski',''),(403,40,'SŁUŻBA','Pierwsza rozmowa ',2,'Skorzystaj ze schematu rozmowy. Pokaż, jak zareagować na zarzut często spotykany na waszym terenie.',NULL,'2018-02-26 17:33:21','Adam Wójcik',''),(404,40,'SŁUŻBA','Pierwsze odwiedziny ',3,'Skorzystaj ze schematu rozmowy.',NULL,'2018-02-26 17:33:21','Michał Żbikowski',''),(405,40,'SŁUŻBA','Drugie odwiedziny — film ',5,'Po odtworzeniu filmu omówcie go.',NULL,'2018-02-26 17:33:21','Maciej Fopp',''),(406,40,'ŻYCIE','„Podnośmy jakość swojej służby: Skuteczne posługiwanie się pytaniami” ',15,'Omówienie z udziałem obecnych. Odtwórz film Wykonujmy dzieło, jakie wykonywał Jezus — nauczajmy.',NULL,'2018-02-26 17:33:21','Jarosław Rola',''),(407,40,'ŻYCIE','Zborowe studium Biblii ',30,'jy rozdz. 9',NULL,'2018-02-26 17:33:21','Artur Żbikowski','Marcin Polański'),(408,41,'SKARBY','„Starannie unikaj potykania się oraz gorszenia innych” ',10,'',NULL,'2018-02-26 17:33:21','Andrzej Sadowski',''),(409,41,'SKARBY','Wyszukujemy duchowe skarby',8,'',NULL,'2018-02-26 17:33:21','Jarosław Rola',''),(410,41,'SKARBY','Mt 18:18-35',4,'',NULL,'2018-02-26 17:33:21','Jerzy Pakuła',''),(411,41,'SŁUŻBA','Drugie odwiedziny ',3,'Skorzystaj ze schematu rozmowy.',NULL,'2018-02-26 17:33:21','Katarzyna Stasiak-Turlejska',''),(412,41,'SŁUŻBA','Trzecie odwiedziny ',3,'Sam wybierz werset i zaproponuj którąś z publikacji do studium.',NULL,'2018-02-26 17:33:21','Samuel Owczarek',''),(413,41,'SŁUŻBA','Studium biblijne ',6,'bh ss. 25, 26, ak. 18-20. Pokaż, jak trafiać zainteresowanemu do serca.',NULL,'2018-02-26 17:33:21','Anna Stębnowska',''),(414,41,'ŻYCIE','Nigdy nie bądź przyczyną zgorszenia ',9,'Odtwórz film.',NULL,'2018-02-26 17:33:21','Artur Żbikowski',''),(415,41,'ŻYCIE','Kampania zapraszania na Pamiątkę rozpocznie się 3 marca ',6,'Przemówienie oparte na materiale z miesięcznika Życie i służba z lutego 2016 roku „Zaprośmy na Pamiątkę wszystkich na naszym terenie!”. Rozdaj wszystkim po jednym zaproszeniu na Pamiątkę i om',NULL,'2018-02-26 17:33:21','Dawid Richter',''),(416,41,'ŻYCIE','Zborowe studium Biblii ',30,'jy rozdz. 10, ramka „Radosne podróże”',NULL,'2018-02-26 17:33:21','Marek Wilczyński','Andrzej Wójcik'),(417,42,'SKARBY','„Kto by się chciał stać wielkim wśród was, ma być waszym sługą” ',10,'',NULL,'2018-02-26 14:11:12','Dawid Richter',''),(418,42,'SKARBY','Wyszukujemy duchowe skarby',8,'',NULL,'2018-02-26 14:11:12','Samuel Owczarek',''),(419,42,'SKARBY','Mt 20:1-19',4,'',NULL,'2018-02-26 14:11:12','Ryszard Hańka',''),(420,42,'SŁUŻBA','Pierwsza rozmowa — film ',4,'Po odtworzeniu filmu omówcie go.',NULL,'2018-02-26 14:11:12','Jarosław Rola',''),(421,42,'SŁUŻBA','Pierwsze odwiedziny ',3,'Skorzystaj ze schematu rozmowy.',NULL,'2018-02-26 14:11:12','Karolina Polańska','Małgorzata Żbikowska'),(422,42,'SŁUŻBA','Studium biblijne ',6,'lv ss. 36, 37, ak. 3, 4',NULL,'2018-02-26 14:11:12','Wiesław Pająk','Piotr Piotrowski'),(423,42,'ŻYCIE','Potrzeby zboru ',5,'',NULL,'2018-02-26 14:11:12','Tomasz Stębnowski',''),(424,42,'ŻYCIE','Osiągnięcia organizacji ',10,'Odtwórz film z serii Osiągnięcia organizacji przewidziany na marzec.',NULL,'2018-02-26 14:11:12','Jarosław Rola',''),(425,42,'ŻYCIE','Zborowe studium Biblii ',30,'jy rozdz. 11',NULL,'2018-02-26 14:11:12','Andrzej Sadowski','Mateusz Wilczyński'),(426,43,'SKARBY','„Przestrzegajmy dwóch największych przykazań” ',10,'',NULL,'2018-02-26 14:11:12','Jarosław Rola',''),(427,43,'SKARBY','Wyszukujemy duchowe skarby',8,'',NULL,'2018-02-26 14:11:12','Marek Wilczyński',''),(428,43,'SKARBY','Mt 22:1-22',4,'',NULL,'2018-02-26 14:11:12','Piotr Jaskulski',''),(429,43,'SŁUŻBA','Pierwsza rozmowa ',2,'Skorzystaj ze schematu rozmowy.',NULL,'2018-02-26 14:11:12','Anna Piotrowska','Anna Matuszczak'),(430,43,'SŁUŻBA','Pierwsze odwiedziny — film ',5,'Po odtworzeniu filmu omówcie go.',NULL,'2018-02-26 14:11:12','Dawid Richter',''),(431,43,'SŁUŻBA','Studium biblijne ',6,'bh ss. 186, 187, ak. 7-9. Zachęć zainteresowanego, żeby zaprosił swoich znajomych na Pamiątkę.',NULL,'2018-02-26 14:11:12','Rafał Matuszczak','Tomasz Szulc'),(432,43,'ŻYCIE','„Jak pielęgnować miłość do Boga i bliźniego” ',15,'Omówienie z udziałem obecnych. Aby pokazać wartość używania wyobraźni podczas czytania relacji biblijnych, odtwórz adaptację dźwiękową Biblii Jehowa jest jedynym prawdziwym Bogiem — fragment.',NULL,'2018-02-26 14:11:12','Maciej Fopp',''),(433,43,'ŻYCIE','Zborowe studium Biblii ',30,'jy rozdz. 12',NULL,'2018-02-26 14:11:12','Tomasz Stębnowski','Samuel Owczarek'),(434,44,'SKARBY','„Zachowujmy czujność duchową podczas dni ostatnich” ',10,'',NULL,'2018-02-26 14:11:12','Andrzej Wójcik',''),(435,44,'SKARBY','Wyszukujemy duchowe skarby',8,'',NULL,'2018-02-26 14:11:12','Andrzej Sadowski',''),(436,44,'SKARBY','Mt 24:1-22',4,'',NULL,'2018-02-26 14:11:12','Stanisław Grzęda',''),(437,44,'SŁUŻBA','Pierwsza rozmowa ',2,'Skorzystaj ze schematu rozmowy. Rozmówca stawia zarzut często spotykany na waszym terenie.',NULL,'2018-02-26 14:11:12','Anna Michniewska','Henryka Kukulska'),(438,44,'SŁUŻBA','Pierwsze odwiedziny ',3,'Skorzystaj ze schematu rozmowy. Nie zastałeś osoby, z którą rozmawiałeś poprzednio, tylko jej krewnego.',NULL,'2018-02-26 14:11:12','Izabela Ściborowska','Barbara Sadowska'),(439,44,'SŁUŻBA','Drugie odwiedziny — film ',5,'Po odtworzeniu filmu omówcie go.',NULL,'2018-02-26 14:11:12','Maciej Fopp',''),(440,44,'ŻYCIE','„Bliskość końca tego systemu rzeczy” ',15,'Omówienie z udziałem obecnych. Odtwórz film.',NULL,'2018-02-26 14:11:12','Artur Żbikowski',''),(441,44,'ŻYCIE','Zborowe studium Biblii ',30,'jy rozdz. 13',NULL,'2018-02-26 14:11:12','Dawid Richter','Rafał Matuszczak'),(442,45,'SKARBY','„Stale czuwajcie” ',10,'',NULL,'2018-03-01 10:41:02','Tomasz Stębnowski',''),(443,45,'SKARBY','Wyszukujemy duchowe skarby',8,'',NULL,'2018-03-01 10:41:02','Andrzej Wójcik',''),(444,45,'SKARBY','Mt 25:1-23',4,'',NULL,'2018-03-01 10:41:02','Jacek Liwski',''),(445,45,'SŁUŻBA','Drugie odwiedziny ',3,'Skorzystaj ze schematu rozmowy. Zaproś rozmówcę na Pamiątkę.',NULL,'2018-03-01 10:41:02','Anna Rząca','Anna Fopp'),(446,45,'SŁUŻBA','Trzecie odwiedziny ',3,'Sam wybierz werset i zaproponuj którąś z publikacji do studium.',NULL,'2018-03-01 10:41:02','Marcin Polański','Rafał Matuszczak'),(447,45,'SŁUŻBA','Przemówienie ',6,'w15 15.3 s. 27, ak. 7-10. Temat: Jak przypowieść o owcach i kozach podkreśla wagę głoszenia?',NULL,'2018-03-01 10:41:02','Wojciech Przywecki',''),(448,45,'ŻYCIE','„Podnośmy jakość swojej służby: Uczenie zainteresowanego, jak się przygotowywać” ',10,'Omówienie z udziałem obecnych. Po rozważeniu artykułu obejrzyjcie i omówcie film pokazujący, jak głosicielka uczy zainteresowaną przygotowywać się do studium biblijnego. Poproś obecnych, by p',NULL,'2018-03-01 10:41:02','Dawid Richter',''),(449,45,'ŻYCIE','Serdecznie przywitajmy naszych gości ',5,'Przemówienie oparte na artykule z miesięcznika Życie i służba z marca 2016 roku. Opowiedz budujące przeżycia z okresu Pamiątki w roku 2017. Podaj niezbędne przypomnienia związane z Pamiątką w',NULL,'2018-03-01 10:41:02','Artur Żbikowski',''),(450,45,'ŻYCIE','Zborowe studium Biblii ',30,'jy rozdz. 14',NULL,'2018-03-01 10:41:02','Maciej Fopp','Mateusz Wilczyński'),(520,51,'SKARBY','„Jehowa odda każdemu stosownie do jego uczynków” ',10,'',NULL,NULL,'',''),(521,51,'SKARBY','Wyszukujemy duchowe skarby',8,'',NULL,NULL,'',''),(522,51,'SKARBY','Jer 40:11 do 41:3',4,'',NULL,NULL,'',''),(523,51,'SŁUŻBA','Pierwsza rozmowa ',2,'Iz 46:10, „Uczmy innych prawdy”. Przygotuj grunt pod odwiedziny ponowne.',NULL,NULL,'',''),(524,51,'SŁUŻBA','Odwiedziny ponowne ',4,'Obj 12:7-9, 12, „Uczmy innych prawdy”. Przygotuj grunt pod kolejną rozmowę.',NULL,NULL,'',''),(525,51,'SŁUŻBA','Studium biblijne ',6,'bh s. 153, ak. 19, 20. Zaproś zainteresowanego na zebranie.',NULL,NULL,'',''),(526,51,'ŻYCIE','„Jehowa nie zapomina o twojej miłości” ',15,'Omówienie z udziałem obecnych. Na początku odtwórz film Jehowa nie zapomina o twojej miłości.',NULL,NULL,'',''),(527,51,'ŻYCIE','Zborowe studium Biblii ',30,'kr rozdz. 12, ak. 16-23, ramki „Byliśmy zdumieni” i „Dobre efekty cotygodniowych wizyt” oraz ramka powtórkowa „Jak bardzo realne jest dla ciebie Królestwo?”',NULL,NULL,'',''),(591,52,'SKARBY','„Weź swój pal męki i stale mnie naśladuj” ',10,'',NULL,NULL,'',''),(592,52,'SKARBY','Wyszukujemy duchowe skarby',8,'',NULL,NULL,'',''),(593,52,'SKARBY','Mk 7:1-15',4,'',NULL,NULL,'',''),(594,52,'SŁUŻBA','Pierwsza rozmowa — film ',4,'Po odtworzeniu filmu omówcie go.',NULL,NULL,'',''),(595,52,'SŁUŻBA','Pierwsze odwiedziny ',3,'Skorzystaj ze schematu rozmowy.',NULL,NULL,'',''),(596,52,'SŁUŻBA','Studium biblijne ',6,'bh s. 158, ak. 9, 10',NULL,NULL,'',''),(597,52,'ŻYCIE','Potrzeby zboru ',5,'',NULL,NULL,'',''),(598,52,'ŻYCIE','„Pomóż swojemu dziecku zostać naśladowcą Chrystusa” ',10,'Omówienie z udziałem obecnych.',NULL,NULL,'',''),(599,52,'ŻYCIE','Zborowe studium Biblii ',30,'jy rozdz. 19, ak. 10-16, ramka „Kim byli Samarytanie?”',NULL,NULL,'',''),(600,53,'SKARBY','„Umacniająca wiarę wizja” ',10,'',NULL,NULL,'',''),(601,53,'SKARBY','Wyszukujemy duchowe skarby',8,'',NULL,NULL,'',''),(602,53,'SKARBY','Mk 9:1-13',4,'',NULL,NULL,'',''),(603,53,'SŁUŻBA','Pierwsza rozmowa ',2,'Skorzystaj ze schematu rozmowy.',NULL,NULL,'',''),(604,53,'SŁUŻBA','Pierwsze odwiedziny — film ',5,'Po odtworzeniu filmu omówcie go.',NULL,NULL,'',''),(605,53,'SŁUŻBA','Przemówienie ',6,'w04 15.5 ss. 30, 31. Temat: Co znaczą słowa Jezusa zapisane w Ewangelii według Marka 10:25?',NULL,NULL,'',''),(606,53,'ŻYCIE','„Co zatem Bóg wprzągł we wspólne jarzmo...” ',15,'Omówienie z udziałem obecnych. Odtwórz film Miłość i szacunek jednoczą rodziny.',NULL,NULL,'',''),(607,53,'ŻYCIE','Zborowe studium Biblii ',30,'jy rozdz. 20',NULL,NULL,'',''),(608,54,'SKARBY','„Wrzuciła więcej niż wszyscy inni” ',10,'',NULL,NULL,'',''),(609,54,'SKARBY','Wyszukujemy duchowe skarby',8,'',NULL,NULL,'',''),(610,54,'SKARBY','Mk 12:13-27',4,'',NULL,NULL,'',''),(611,54,'SŁUŻBA','Pierwsza rozmowa ',2,'Skorzystaj ze schematu rozmowy. Rozmówca stawia zarzut często spotykany na waszym terenie.',NULL,NULL,'',''),(612,54,'SŁUŻBA','Pierwsze odwiedziny ',3,'Skorzystaj ze schematu rozmowy. Rozmówca wspomina, że niedawno umarł jego krewny.',NULL,NULL,'',''),(613,54,'SŁUŻBA','Drugie odwiedziny — film ',5,'Po odtworzeniu filmu omówcie go.',NULL,NULL,'',''),(614,54,'ŻYCIE','Co staje się osiągalne dzięki wierze w Jehowę ',15,'Odtwórz film.',NULL,NULL,'',''),(615,54,'ŻYCIE','Zborowe studium Biblii ',30,'jy rozdz. 21',NULL,NULL,'',''),(616,55,'SKARBY','„Nie wpadnij w sidło strachu przed człowiekiem” ',10,'',NULL,NULL,'',''),(617,55,'SKARBY','Wyszukujemy duchowe skarby',8,'',NULL,NULL,'',''),(618,55,'SKARBY','Mk 14:43-59',4,'',NULL,NULL,'',''),(619,55,'SŁUŻBA','Drugie odwiedziny ',3,'Skorzystaj ze schematu rozmowy. Zaproś rozmówcę na zebranie.',NULL,NULL,'',''),(620,55,'SŁUŻBA','Trzecie odwiedziny ',3,'Sam wybierz werset i zaproponuj którąś z publikacji do studium.',NULL,NULL,'',''),(621,55,'SŁUŻBA','Studium biblijne ',6,'bh ss. 171, 172, ak. 17, 18',NULL,NULL,'',''),(622,55,'ŻYCIE','„Jehowa pomoże ci być odważnym” ',15,'Omówienie z udziałem obecnych. Odtwórz film.',NULL,NULL,'',''),(623,55,'ŻYCIE','Zborowe studium Biblii ',30,'jy rozdz. 22',NULL,NULL,'',''),(624,56,'SKARBY','„Kto by się chciał stać wielkim wśród was, ma być waszym sługą” ',10,'',NULL,NULL,'',''),(625,56,'SKARBY','Wyszukujemy duchowe skarby',8,'',NULL,NULL,'',''),(626,56,'SKARBY','Mt 20:1-19',4,'',NULL,NULL,'',''),(627,56,'SŁUŻBA','Pierwsza rozmowa — film ',4,'Po odtworzeniu filmu omówcie go.',NULL,NULL,'',''),(628,56,'SŁUŻBA','Pierwsze odwiedziny ',3,'Skorzystaj ze schematu rozmowy.',NULL,NULL,'',''),(629,56,'SŁUŻBA','Studium biblijne ',6,'lv ss. 36, 37, ak. 3, 4',NULL,NULL,'',''),(630,56,'ŻYCIE','Potrzeby zboru ',5,'',NULL,NULL,'',''),(631,56,'ŻYCIE','Osiągnięcia organizacji ',10,'Odtwórz film z serii Osiągnięcia organizacji przewidziany na marzec.',NULL,NULL,'',''),(632,56,'ŻYCIE','Zborowe studium Biblii ',30,'jy rozdz. 11',NULL,NULL,'',''),(726,57,'SKARBY','„Pascha a Pamiątka — podobieństwa i różnice” ',10,'',NULL,NULL,'',''),(727,57,'SKARBY','Wyszukujemy duchowe skarby',8,'',NULL,NULL,'',''),(728,57,'SKARBY','Mt 26:1-19',4,'',NULL,NULL,'',''),(729,57,'SŁUŻBA','Pierwsza rozmowa — film ',4,'Po odtworzeniu filmu omówcie go.',NULL,NULL,'',''),(730,57,'SŁUŻBA','Pierwsze odwiedziny ',3,'Skorzystaj ze schematu rozmowy.',NULL,NULL,'',''),(731,57,'SŁUŻBA','Studium biblijne ',6,'bh ss. 55, 56, ak. 21, 22. Wyjaśnij, dlaczego obchodzimy Pamiątkę raz w roku, 14 Nisan, i kto powinien spożywać emblematy (zob. „Materiał dodatkowy”, ss. 206-208).',NULL,NULL,'',''),(732,57,'ŻYCIE','Potrzeby zboru ',8,'',NULL,NULL,'',''),(733,57,'ŻYCIE','Zostań przyjacielem Jehowy: Okup ',7,'Odtwórz film. Potem zaproś na scenę wybrane dzieci i zadaj im następujące pytania: Dlaczego ludzie chorują, starzeją się i umierają? Jaką nadzieję dał nam Jehowa? Kogo chciałbyś spotkać w raj',NULL,NULL,'',''),(734,57,'ŻYCIE','Zborowe studium Biblii ',30,'jy rozdz. 15',NULL,NULL,'',''),(762,58,'SKARBY','„Pascha a Pamiątka — podobieństwa i różnice” ',10,'',NULL,NULL,'',''),(763,58,'SKARBY','Wyszukujemy duchowe skarby',8,'',NULL,NULL,'',''),(764,58,'SKARBY','Mt 26:1-19',4,'',NULL,NULL,'',''),(765,58,'SŁUŻBA','Pierwsza rozmowa — film ',4,'Po odtworzeniu filmu omówcie go.',NULL,NULL,'',''),(766,58,'SŁUŻBA','Pierwsze odwiedziny ',3,'Skorzystaj ze schematu rozmowy.',NULL,NULL,'',''),(767,58,'SŁUŻBA','Studium biblijne ',6,'bh ss. 55, 56, ak. 21, 22. Wyjaśnij, dlaczego obchodzimy Pamiątkę raz w roku, 14 Nisan, i kto powinien spożywać emblematy (zob. „Materiał dodatkowy”, ss. 206-208).',NULL,NULL,'',''),(768,58,'ŻYCIE','Potrzeby zboru ',8,'',NULL,NULL,'',''),(769,58,'ŻYCIE','Zostań przyjacielem Jehowy: Okup ',7,'Odtwórz film. Potem zaproś na scenę wybrane dzieci i zadaj im następujące pytania: Dlaczego ludzie chorują, starzeją się i umierają? Jaką nadzieję dał nam Jehowa? Kogo chciałbyś spotkać w raj',NULL,NULL,'',''),(770,58,'ŻYCIE','Zborowe studium Biblii ',30,'jy rozdz. 15',NULL,NULL,'',''),(780,46,'SKARBY','„Pascha a Pamiątka — podobieństwa i różnice” ',10,'',NULL,NULL,'',''),(781,46,'SKARBY','Wyszukujemy duchowe skarby',8,'',NULL,NULL,'',''),(782,46,'SKARBY','Mt 26:1-19',4,'',NULL,NULL,'',''),(783,46,'SŁUŻBA','Pierwsza rozmowa — film ',4,'Po odtworzeniu filmu omówcie go.',NULL,NULL,'',''),(784,46,'SŁUŻBA','Pierwsze odwiedziny ',3,'Skorzystaj ze schematu rozmowy.',NULL,NULL,'',''),(785,46,'SŁUŻBA','Studium biblijne ',6,'bh ss. 55, 56, ak. 21, 22. Wyjaśnij, dlaczego obchodzimy Pamiątkę raz w roku, 14 Nisan, i kto powinien spożywać emblematy (zob. „Materiał dodatkowy”, ss. 206-208).',NULL,NULL,'',''),(786,46,'ŻYCIE','Potrzeby zboru ',8,'',NULL,NULL,'',''),(787,46,'ŻYCIE','Zostań przyjacielem Jehowy: Okup ',7,'Odtwórz film. Potem zaproś na scenę wybrane dzieci i zadaj im następujące pytania: Dlaczego ludzie chorują, starzeją się i umierają? Jaką nadzieję dał nam Jehowa? Kogo chciałbyś spotkać w raj',NULL,NULL,'',''),(788,46,'ŻYCIE','Zborowe studium Biblii ',30,'jy rozdz. 15',NULL,NULL,'',''),(789,47,'SKARBY','„‛Idźcie i czyńcie uczniów’ — dlaczego, gdzie i jak?” ',10,'',NULL,NULL,'',''),(790,47,'SKARBY','Wyszukujemy duchowe skarby',8,'',NULL,NULL,'',''),(791,47,'SKARBY','Mt 27:38-54',4,'',NULL,NULL,'',''),(792,47,'SŁUŻBA','Pierwsza rozmowa ',2,'Skorzystaj ze schematu rozmowy.',NULL,NULL,'',''),(793,47,'SŁUŻBA','Pierwsze odwiedziny — film ',5,'Po odtworzeniu filmu omówcie go.',NULL,NULL,'',''),(794,47,'SŁUŻBA','Przemówienie ',6,'g17.2 s. 14. Temat: Czy Jezus umarł na krzyżu?',NULL,NULL,'',''),(795,47,'ŻYCIE','„Głoszenie i nauczanie — niezbędne w czynieniu uczniów” ',15,'Omówienie z udziałem obecnych. Podczas rozważania artykułu odtwórz filmy: „W dalszym ciągu bezustannie” głośmy nieoficjalnie i od domu do domu oraz „W dalszym ciągu bezustannie” głośmy w miej',NULL,NULL,'',''),(796,47,'ŻYCIE','Zborowe studium Biblii ',30,'jy rozdz. 16',NULL,NULL,'',''),(815,48,'SKARBY','„Twoje grzechy są przebaczone” ',10,'',NULL,NULL,'',''),(816,48,'SKARBY','Wyszukujemy duchowe skarby',8,'',NULL,NULL,'',''),(817,48,'SKARBY','Mk 1:1-15',4,'',NULL,NULL,'',''),(818,48,'SŁUŻBA','Pierwsza rozmowa ',2,'Skorzystaj ze schematu rozmowy. Pokaż, jak zareagować na zarzut często spotykany na waszym terenie.',NULL,NULL,'',''),(819,48,'SŁUŻBA','Pierwsze odwiedziny ',3,'Skorzystaj ze schematu rozmowy.',NULL,NULL,'',''),(820,48,'SŁUŻBA','Drugie odwiedziny — film ',5,'Po odtworzeniu filmu omówcie go.',NULL,NULL,'',''),(821,48,'ŻYCIE','„Nie przyszedłem wezwać prawych, tylko grzeszników” ',7,'Omówienie z udziałem obecnych. Odtwórz film Więzień zyskuje nadzieję. Następnie zadaj pytania: Co pomogło Donaldowi znaleźć prawdziwe szczęście? Jak w służbie kaznodziejskiej możemy naśladowa',NULL,NULL,'',''),(822,48,'ŻYCIE','Jehowa ‛hojnie przebacza’ ',8,'Omówienie z udziałem obecnych. Odtwórz film Jehowo, teraz Ty będziesz na pierwszym miejscu. Następnie zadaj pytania: Dlaczego Anneliese wróciła do Jehowy i jak to zrobiła? (Iz 55:6, 7). Jak m',NULL,NULL,'',''),(823,48,'ŻYCIE','Zborowe studium Biblii ',30,'jy rozdz. 17',NULL,NULL,'',''),(824,49,'SKARBY','„Uzdrawianie w sabat” ',10,'',NULL,NULL,'',''),(825,49,'SKARBY','Wyszukujemy duchowe skarby',8,'',NULL,NULL,'',''),(826,49,'SKARBY','Mk 3:1-19a',4,'',NULL,NULL,'',''),(827,49,'SŁUŻBA','Drugie odwiedziny ',3,'Skorzystaj ze schematu rozmowy.',NULL,NULL,'',''),(828,49,'SŁUŻBA','Trzecie odwiedziny ',3,'Sam wybierz werset i zaproponuj którąś z publikacji do studium.',NULL,NULL,'',''),(829,49,'SŁUŻBA','Studium biblijne ',6,'bh ss. 34-36, ak. 21, 22. Pokaż, jak trafiać zainteresowanemu do serca.',NULL,NULL,'',''),(830,49,'ŻYCIE','„Kto ma uszy, żeby słuchać, niech słucha” ',15,'Wyjaśnij znaczenie słów z Marka 4:9 (nwtsty, materiały do studium: „Kto ma uszy, żeby słuchać, niech słucha”). Odtwórz film Stań się mądry dzięki słuchaniu rad. Następnie omów z udziałem obec',NULL,NULL,'',''),(831,49,'ŻYCIE','Zborowe studium Biblii ',30,'jy rozdz. 18',NULL,NULL,'',''),(832,50,'SKARBY','„Jezus ma moc, żeby wskrzesić naszych bliskich” ',10,'',NULL,NULL,'',''),(833,50,'SKARBY','Wyszukujemy duchowe skarby',8,'',NULL,NULL,'',''),(834,50,'SKARBY','Mk 6:1-13',4,'',NULL,NULL,'',''),(835,50,'SŁUŻBA','Drugie odwiedziny ',3,'Skorzystaj ze schematu rozmowy. Pokaż domownikowi serwis internetowy jw.org.',NULL,NULL,'',''),(836,50,'SŁUŻBA','Trzecie odwiedziny ',3,'Sam wybierz werset i pytanie na koniec rozmowy.',NULL,NULL,'',''),(837,50,'SŁUŻBA','Studium biblijne ',6,'bh s. 36, ak. 23, 24. Pokaż, jak trafiać zainteresowanemu do serca.',NULL,NULL,'',''),(838,50,'ŻYCIE','„Zestaw podstawowych narzędzi do nauczania — jak umiejętnie się nim posługiwać” ',5,'Omówienie z udziałem obecnych.',NULL,NULL,'',''),(839,50,'ŻYCIE','Znalezienie pociechy w organizacji Jehowy ',10,'Omówienie z udziałem obecnych. Odtwórz film. Następnie zadaj pytania: Jakie próby przeszło to małżeństwo? Co pomogło im wytrwać? Dlaczego w czasie prób musimy dbać o dobre zwyczaje duchowe?',NULL,NULL,'',''),(840,50,'ŻYCIE','Zborowe studium Biblii ',30,'jy rozdz. 19, ak. 1-9',NULL,NULL,'',''),(940,59,'SKARBY','„Weź swój pal męki i stale mnie naśladuj” ',10,'',NULL,NULL,'',''),(941,59,'SKARBY','Wyszukujemy duchowe skarby',8,'',NULL,NULL,'',''),(942,59,'SKARBY','Mk 7:1-15',4,'',NULL,NULL,'',''),(943,59,'SŁUŻBA','Pierwsza rozmowa — film ',4,'Po odtworzeniu filmu omówcie go.',NULL,NULL,'',''),(944,59,'SŁUŻBA','Pierwsze odwiedziny ',3,'Skorzystaj ze schematu rozmowy.',NULL,NULL,'',''),(945,59,'SŁUŻBA','Studium biblijne ',6,'bh s. 158, ak. 9, 10',NULL,NULL,'',''),(946,59,'ŻYCIE','Potrzeby zboru ',5,'',NULL,NULL,'',''),(947,59,'ŻYCIE','„Pomóż swojemu dziecku zostać naśladowcą Chrystusa” ',10,'Omówienie z udziałem obecnych.',NULL,NULL,'',''),(948,59,'ŻYCIE','Zborowe studium Biblii ',30,'jy rozdz. 19, ak. 10-16, ramka „Kim byli Samarytanie?”',NULL,NULL,'',''),(949,60,'SKARBY','„Umacniająca wiarę wizja” ',10,'',NULL,NULL,'',''),(950,60,'SKARBY','Wyszukujemy duchowe skarby',8,'',NULL,NULL,'',''),(951,60,'SKARBY','Mk 9:1-13',4,'',NULL,NULL,'',''),(952,60,'SŁUŻBA','Pierwsza rozmowa ',2,'Skorzystaj ze schematu rozmowy.',NULL,NULL,'',''),(953,60,'SŁUŻBA','Pierwsze odwiedziny — film ',5,'Po odtworzeniu filmu omówcie go.',NULL,NULL,'',''),(954,60,'SŁUŻBA','Przemówienie ',6,'w04 15.5 ss. 30, 31. Temat: Co znaczą słowa Jezusa zapisane w Ewangelii według Marka 10:25?',NULL,NULL,'',''),(955,60,'ŻYCIE','„Co zatem Bóg wprzągł we wspólne jarzmo...” ',15,'Omówienie z udziałem obecnych. Odtwórz film Miłość i szacunek jednoczą rodziny.',NULL,NULL,'',''),(956,60,'ŻYCIE','Zborowe studium Biblii ',30,'jy rozdz. 20',NULL,NULL,'',''),(957,61,'SKARBY','„Wrzuciła więcej niż wszyscy inni” ',10,'',NULL,NULL,'',''),(958,61,'SKARBY','Wyszukujemy duchowe skarby',8,'',NULL,NULL,'',''),(959,61,'SKARBY','Mk 12:13-27',4,'',NULL,NULL,'',''),(960,61,'SŁUŻBA','Pierwsza rozmowa ',2,'Skorzystaj ze schematu rozmowy. Rozmówca stawia zarzut często spotykany na waszym terenie.',NULL,NULL,'',''),(961,61,'SŁUŻBA','Pierwsze odwiedziny ',3,'Skorzystaj ze schematu rozmowy. Rozmówca wspomina, że niedawno umarł jego krewny.',NULL,NULL,'',''),(962,61,'SŁUŻBA','Drugie odwiedziny — film ',5,'Po odtworzeniu filmu omówcie go.',NULL,NULL,'',''),(963,61,'ŻYCIE','Co staje się osiągalne dzięki wierze w Jehowę ',15,'Odtwórz film.',NULL,NULL,'',''),(964,61,'ŻYCIE','Zborowe studium Biblii ',30,'jy rozdz. 21',NULL,NULL,'',''),(973,62,'SKARBY','„Nie wpadnij w sidło strachu przed człowiekiem” ',10,'',NULL,NULL,'',''),(974,62,'SKARBY','Wyszukujemy duchowe skarby',8,'',NULL,NULL,'',''),(975,62,'SKARBY','Mk 14:43-59',4,'',NULL,NULL,'',''),(976,62,'SŁUŻBA','Drugie odwiedziny ',3,'Skorzystaj ze schematu rozmowy. Zaproś rozmówcę na zebranie.',NULL,NULL,'',''),(977,62,'SŁUŻBA','Trzecie odwiedziny ',3,'Sam wybierz werset i zaproponuj którąś z publikacji do studium.',NULL,NULL,'',''),(978,62,'SŁUŻBA','Studium biblijne ',6,'bh ss. 171, 172, ak. 17, 18',NULL,NULL,'',''),(979,62,'ŻYCIE','„Jehowa pomoże ci być odważnym” ',15,'Omówienie z udziałem obecnych. Odtwórz film.',NULL,NULL,'',''),(980,62,'ŻYCIE','Zborowe studium Biblii ',30,'jy rozdz. 22',NULL,NULL,'',''),(981,63,'SKARBY','„Nie wpadnij w sidło strachu przed człowiekiem” ',10,'',NULL,NULL,'',''),(982,63,'SKARBY','Wyszukujemy duchowe skarby',8,'',NULL,NULL,'',''),(983,63,'SKARBY','Mk 14:43-59',4,'',NULL,NULL,'',''),(984,63,'SŁUŻBA','Drugie odwiedziny ',3,'Skorzystaj ze schematu rozmowy. Zaproś rozmówcę na zebranie.',NULL,NULL,'',''),(985,63,'SŁUŻBA','Trzecie odwiedziny ',3,'Sam wybierz werset i zaproponuj którąś z publikacji do studium.',NULL,NULL,'',''),(986,63,'SŁUŻBA','Studium biblijne ',6,'bh ss. 171, 172, ak. 17, 18',NULL,NULL,'',''),(987,63,'ŻYCIE','„Jehowa pomoże ci być odważnym” ',15,'Omówienie z udziałem obecnych. Odtwórz film.',NULL,NULL,'',''),(988,63,'ŻYCIE','Zborowe studium Biblii ',30,'jy rozdz. 22',NULL,NULL,'',''),(989,64,'SKARBY','„Nie wpadnij w sidło strachu przed człowiekiem” ',10,'',NULL,NULL,'',''),(990,64,'SKARBY','Wyszukujemy duchowe skarby',8,'',NULL,NULL,'',''),(991,64,'SKARBY','Mk 14:43-59',4,'',NULL,NULL,'',''),(992,64,'SŁUŻBA','Drugie odwiedziny ',3,'Skorzystaj ze schematu rozmowy. Zaproś rozmówcę na zebranie.',NULL,NULL,'',''),(993,64,'SŁUŻBA','Trzecie odwiedziny ',3,'Sam wybierz werset i zaproponuj którąś z publikacji do studium.',NULL,NULL,'',''),(994,64,'SŁUŻBA','Studium biblijne ',6,'bh ss. 171, 172, ak. 17, 18',NULL,NULL,'',''),(995,64,'ŻYCIE','„Jehowa pomoże ci być odważnym” ',15,'Omówienie z udziałem obecnych. Odtwórz film.',NULL,NULL,'',''),(996,64,'ŻYCIE','Zborowe studium Biblii ',30,'jy rozdz. 22',NULL,NULL,'',''),(997,65,'SKARBY','„Proroctwa, które spełniły się na Jezusie” ',10,'',NULL,'2018-05-31 18:02:04','Marek Wilczyński',''),(998,65,'SKARBY','Wyszukujemy duchowe skarby',8,'',NULL,'2018-05-31 18:02:04','Mateusz Wilczyński',''),(999,65,'SKARBY','Mk 15:1-15',4,'',NULL,'2018-05-31 18:02:04','Filip Sadowski',''),(1000,65,'SŁUŻBA','Pierwsza rozmowa — film ',4,'Po odtworzeniu filmu omówcie go.',NULL,'2018-05-31 18:02:04','Dawid Richter',''),(1001,65,'SŁUŻBA','Pierwsze odwiedziny ',3,'Skorzystaj ze schematu rozmowy.',NULL,'2018-05-31 18:02:04','Marta Ściborowska','Eliza Kostun'),(1002,65,'SŁUŻBA','Studium biblijne ',6,'jl lekcja 2',NULL,'2018-05-31 18:02:04','Samuel Owczarek','Adrian Siporski'),(1003,65,'ŻYCIE','„Dokładnie podążajmy śladami Chrystusa” ',15,'Omówienie z udziałem obecnych. Odtwórz film Najważniejsze jest imię Jehowy.',NULL,'2018-05-31 18:02:04','Tomasz Stębnowski',''),(1004,65,'ŻYCIE','Zborowe studium Biblii ',30,'jy rozdz. 23, ramka „Opętanie przez demona”',NULL,'2018-05-31 18:02:04','Andrzej Sadowski','Andrzej Wójcik'),(1005,66,'SKARBY','„Naśladujmy pokorę Marii” ',10,'',NULL,'2018-05-31 18:02:04','Tomasz Stębnowski',''),(1006,66,'SKARBY','Wyszukujemy duchowe skarby',8,'',NULL,'2018-05-31 18:02:04','Jarosław Rola',''),(1007,66,'SKARBY','Łk 1:46-66',4,'',NULL,'2018-05-31 18:02:04','Jerzy Pakuła',''),(1008,66,'SŁUŻBA','Pierwsza rozmowa ',2,'Skorzystaj ze schematu rozmowy.',NULL,'2018-05-31 18:02:04','Anna Stębnowska','Anna Fopp'),(1009,66,'SŁUŻBA','Pierwsze odwiedziny — film ',5,'Po odtworzeniu filmu omówcie go.',NULL,'2018-05-31 18:02:04','Andrzej Sadowski',''),(1010,66,'SŁUŻBA','Drugie odwiedziny ',3,'Skorzystaj ze schematu rozmowy.',NULL,'2018-05-31 18:02:04','Anna Piotrowska','Ewa Rząca'),(1011,66,'ŻYCIE','Potrzeby zboru ',8,'Możesz omówić myśl przewodnią na rok 2018 (w18.01 ss. 8, 9, ak. 4-7).: ',NULL,'2018-05-31 18:02:04','Maciej Fopp',''),(1012,66,'ŻYCIE','Osiągnięcia organizacji ',7,'Odtwórz film z serii Osiągnięcia organizacji przewidziany na czerwiec.',NULL,'2018-05-31 18:02:04','Andrzej Sadowski',''),(1013,66,'ŻYCIE','Zborowe studium Biblii ',30,'jy rozdz. 24',NULL,'2018-05-31 18:02:04','Artur Żbikowski','Wojciech Przywecki'),(1014,67,'SKARBY','„Młodzi — czy robicie postępy duchowe?” ',10,'',NULL,'2018-05-31 18:02:04','Andrzej Sadowski',''),(1015,67,'SKARBY','Wyszukujemy duchowe skarby',8,'',NULL,'2018-05-31 18:02:04','Marek Wilczyński',''),(1016,67,'SKARBY','Łk 2:1-20',4,'',NULL,'2018-05-31 18:02:04','Ryszard Hańka',''),(1017,67,'SŁUŻBA','Pierwsza rozmowa ',2,'Skorzystaj ze schematu rozmowy. Pokaż, jak zareagować na zarzut często spotykany na waszym terenie.',NULL,'2018-05-31 18:02:04','Agnieszka Woźnicka','Aleksandra Matuszczak'),(1018,67,'SŁUŻBA','Drugie odwiedziny — film ',5,'Po odtworzeniu filmu omówcie go.',NULL,'2018-05-31 18:02:04','Maciej Fopp',''),(1019,67,'SŁUŻBA','Przemówienie ',6,'w14 15.2 ss. 26, 27. Temat: Dlaczego Żydzi w I wieku n.e. mieli podstawy, by ‛trwać w oczekiwaniu’ na Mesjasza?',NULL,'2018-05-31 18:02:04','Rafał Matuszczak',''),(1020,67,'ŻYCIE','„Rodzice, pomóżcie swoim dzieciom wybrać właściwą drogę” ',15,'Omówienie z udziałem obecnych. Odtwórz film Wykorzystali każdą okazję.',NULL,'2018-05-31 18:02:04','Dawid Richter',''),(1021,67,'ŻYCIE','Zborowe studium Biblii ',30,'jy rozdz. 25',NULL,'2018-05-31 18:02:04','Jarosław Rola','Samuel Owczarek'),(1030,68,'SKARBY','„Odpierajmy pokusy tak jak Jezus” ',10,'',NULL,'2018-05-31 18:02:04','Maciej Fopp',''),(1031,68,'SKARBY','Wyszukujemy duchowe skarby',8,'',NULL,'2018-05-31 18:02:04','Dawid Richter',''),(1032,68,'SKARBY','Łk 4:31-44',4,'',NULL,'2018-05-31 18:02:04','Wojciech Przywecki',''),(1033,68,'SŁUŻBA','Drugie odwiedziny ',3,'Skorzystaj ze schematu rozmowy. Wręcz wizytówkę jw.org.',NULL,'2018-05-31 18:02:04','Anna  Matuszczaak','Barbara Sadowska'),(1034,68,'SŁUŻBA','Trzecie odwiedziny ',3,'Sam wybierz werset i zaproponuj którąś z publikacji do studium.',NULL,'2018-05-31 18:02:04','Adam Wójcik','Wiesław Pająk'),(1035,68,'SŁUŻBA','Studium biblijne ',6,'jl lekcja 28',NULL,'2018-05-31 18:02:04','Katarzyna Stasiak-Turlejska','Sylwia Rola'),(1036,68,'ŻYCIE','„Serwisy społecznościowe — unikaj pułapek” ',15,'Omówienie z udziałem obecnych. Odtwórz film Korzystaj z sieci z głową!',NULL,'2018-05-31 18:02:04','Andrzej Wójcik',''),(1037,68,'ŻYCIE','Zborowe studium Biblii ',30,'jy rozdz. 26',NULL,'2018-05-31 18:02:04','Tomasz Stębnowski','Mateusz Wilczyński'),(1051,69,'SKARBY','„Odmierzajmy szczodrze” ',10,'',NULL,'2018-06-29 07:45:17','Artur Żbikowski',''),(1052,69,'SKARBY','Wyszukujemy duchowe skarby',8,'',NULL,'2018-06-29 07:45:17','Maciej Fopp',''),(1053,69,'SKARBY','Łk 7:36-50',4,'',NULL,'2018-06-29 07:45:17','Sylwester Kacprzak',''),(1054,69,'SŁUŻBA','Pierwsza rozmowa — film ',4,'Po odtworzeniu filmu omówcie go.',NULL,'2018-06-29 07:45:17','Andrzej Sadowski',''),(1055,69,'SŁUŻBA','Pierwsze odwiedziny ',3,'Skorzystaj ze schematu rozmowy.',NULL,'2018-06-29 07:45:17','Magdalena Dąbrowska','Mariola Łyszcz'),(1056,69,'SŁUŻBA','Studium biblijne ',6,'bh s. 185, ak. 4, 5',NULL,'2018-06-29 07:45:17','Małgorzata Żbikowska','Jagoda Hańka'),(1057,69,'ŻYCIE','Naśladuj szczodrość Jehowy ',15,'Odtwórz film. Potem zadaj pytania:',NULL,'2018-06-29 07:45:17','Tomasz Stębnowski',''),(1058,69,'ŻYCIE','Zborowe studium Biblii ',30,'jy rozdz. 27',NULL,'2018-06-29 07:45:17','Dawid Richter','Wojciech Przywecki'),(1059,70,'SKARBY','„‚Bądź moim naśladowcą’ — z czym to się wiąże?” ',10,'',NULL,'2018-06-29 07:45:17','Andrzej Wójcik',''),(1060,70,'SKARBY','Wyszukujemy duchowe skarby',8,'',NULL,'2018-06-29 07:45:17','Tomasz Stębnowski',''),(1061,70,'SKARBY','Łk 8:1-15',4,'',NULL,'2018-06-29 07:45:17','Tymoteusz Sadowski',''),(1062,70,'SŁUŻBA','Pierwsza rozmowa ',2,'Skorzystaj ze schematu rozmowy.',NULL,'2018-06-29 07:45:17','Marcin Polański','Karolina Polańska'),(1063,70,'SŁUŻBA','Pierwsze odwiedziny — film ',5,'Po odtworzeniu filmu omówcie go.',NULL,'2018-06-29 07:45:17','Maciej Fopp',''),(1064,70,'SŁUŻBA','Przemówienie ',6,'w12 15.3 ss. 27, 28, ak. 11-15. Temat: Czy powinniśmy żałować jakichkolwiek wyrzeczeń, na które zdobyliśmy się ze względu na Królestwo?',NULL,'2018-06-29 07:45:17','Wiesław Pająk',''),(1065,70,'ŻYCIE','Potrzeby zboru ',15,'',NULL,'2018-06-29 07:45:17','Jarosław Rola',''),(1066,70,'ŻYCIE','Zborowe studium Biblii ',30,'jy rozdz. 28, ramka „Przykłady dotyczące postu”',NULL,'2018-06-29 07:45:17','Marek Wilczyński','Dawid Richter'),(1067,71,'SKARBY','„Przypowieść o miłosiernym Samarytaninie” ',10,'',NULL,'2018-06-29 07:45:17','Maciej Fopp',''),(1068,71,'SKARBY','Wyszukujemy duchowe skarby',8,'',NULL,'2018-06-29 07:45:17','Mateusz Wilczyński',''),(1069,71,'SKARBY','Łk 10:1-16',4,'',NULL,'2018-06-29 07:45:17','Jacek Liwski',''),(1070,71,'SŁUŻBA','Pierwsza rozmowa ',2,'Skorzystaj ze schematu rozmowy. Rozmówca stawia zarzut często spotykany na waszym terenie.',NULL,'2018-06-29 07:45:17','Stanisław Grzęda','Magdalena Dąbrowska'),(1071,71,'SŁUŻBA','Pierwsze odwiedziny ',3,'Skorzystaj ze schematu rozmowy. Rozmówca mówi, że jest w trakcie posiłku.',NULL,'2018-06-29 07:45:17','Jakub Jaskulski','Adrian Siporski'),(1072,71,'SŁUŻBA','Drugie odwiedziny — film ',5,'Po odtworzeniu filmu omówcie go.',NULL,'2018-06-29 07:45:17','Jarosław Rola',''),(1073,71,'ŻYCIE','„Dlaczego neutralność jest taka ważna? ',15,'Po odtworzeniu filmu omówcie go.',NULL,'2018-06-29 07:45:17','Dawid Richter',''),(1074,71,'ŻYCIE','Zborowe studium Biblii ',30,'jy rozdz. 29',NULL,'2018-06-29 07:45:17','Artur Żbikowski','Andrzej Wójcik'),(1087,72,'SKARBY','„Jesteście warci więcej niż wiele wróbli” ',10,'',NULL,'2018-06-29 07:45:17','Andrzej Sadowski',''),(1088,72,'SKARBY','Wyszukujemy duchowe skarby',8,'',NULL,'2018-06-29 07:45:17','Piotr Jaskulski',''),(1089,72,'SKARBY','Łk 12:22-40',4,'',NULL,'2018-06-29 07:45:17','Filip Fopp',''),(1090,72,'SŁUŻBA','Drugie odwiedziny ',3,'Skorzystaj ze schematu rozmowy. Zaproś rozmówcę na zebranie.',NULL,'2018-06-29 07:45:17','Bogumiła Szulc','Henryka Kukulska'),(1091,72,'SŁUŻBA','Trzecie odwiedziny ',3,'Sam wybierz werset i zaproponuj którąś z publikacji do studium.',NULL,'2018-06-29 07:45:17','Anna Michniewska','Anna Stębnowska'),(1092,72,'SŁUŻBA','Studium biblijne ',6,'lv ss. 184, 185, ak. 4, 5',NULL,'2018-06-29 07:45:17','Tomasz Szulc','Tomasz Stębnowski'),(1093,72,'ŻYCIE','Odosobnieni, ale nie zapomniani ',15,'Odtwórz film. Następnie zadaj pytania:',NULL,'2018-06-29 07:45:17','Marek Wilczyński',''),(1094,72,'ŻYCIE','Zborowe studium Biblii ',30,'jy rozdz. 30',NULL,'2018-06-29 07:45:17','Maciej Fopp','Mateusz Wilczyński'),(1095,73,'SKARBY','„Przypowieść o synu marnotrawnym” ',10,'',NULL,'2018-07-25 14:44:04','Tomasz Stębnowski',''),(1096,73,'SKARBY','Wyszukujemy duchowe skarby',8,'',NULL,'2018-07-25 14:44:04','Dawid Richter',''),(1097,73,'SKARBY','Łk 14:1-14',4,'',NULL,'2018-07-25 14:44:04','Adrian Siporski',''),(1098,73,'SŁUŻBA','Drugie odwiedziny ',3,'Skorzystaj ze schematu rozmowy. Zaproś rozmówcę na zebranie.',NULL,'2018-07-25 14:44:04','Anna Fopp','Anna Matuszczak'),(1099,73,'SŁUŻBA','Trzecie odwiedziny ',3,'Sam wybierz werset i zaproponuj którąś z publikacji do studium.',NULL,'2018-07-25 14:44:04','Magda Liwska','Lidia Wójcik'),(1100,73,'SŁUŻBA','Studium biblijne ',6,'lv s. 32, ak. 14, 15',NULL,'2018-07-25 14:44:04','Michał Żbikowski','Jakub Jaskulski'),(1101,73,'ŻYCIE','„Powrót syna marnotrawnego” ',15,'Omówienie z udziałem obecnych. Na początek odtwórz film Powrót syna marnotrawnego (fragment).',NULL,'2018-07-25 14:44:04','Jarosław Rola',''),(1102,73,'ŻYCIE','Zborowe studium Biblii ',30,'jy rozdz. 31',NULL,'2018-07-25 14:44:04','Andrzej Sadowski','Maciej Fopp'),(1103,74,'SKARBY','„Okazuj wdzięczność” ',10,'',NULL,NULL,'',''),(1104,74,'SKARBY','Wyszukujemy duchowe skarby',8,'',NULL,NULL,'',''),(1105,74,'SKARBY','Łk 18:24-43',4,'',NULL,NULL,'',''),(1106,74,'SŁUŻBA','Pierwsza rozmowa — film ',4,'Po odtworzeniu filmu omówcie go.',NULL,NULL,'',''),(1107,74,'SŁUŻBA','Pierwsze odwiedziny ',3,'Skorzystaj ze schematu rozmowy.',NULL,NULL,'',''),(1108,74,'SŁUŻBA','Studium biblijne ',6,'fg lekcja 4, ak. 1, 2',NULL,NULL,'',''),(1109,74,'ŻYCIE','„Pamiętaj o żonie Lota” ',15,'Omówienie z udziałem obecnych.',NULL,NULL,'',''),(1110,74,'ŻYCIE','Zborowe studium Biblii ',30,'jy rozdz. 32',NULL,NULL,'',''),(1111,75,'SKARBY','„Czego uczymy się z przypowieści o 10 minach” ',10,'',NULL,'2018-07-25 14:44:04','Dawid Richter',''),(1112,75,'SKARBY','Wyszukujemy duchowe skarby',8,'',NULL,'2018-07-25 14:44:04','Maciej Fopp',''),(1113,75,'SKARBY','Łk 19:11-27',4,'',NULL,'2018-07-25 14:44:04','Andrzej Kozłowski',''),(1114,75,'SŁUŻBA','Pierwsza rozmowa ',2,'Skorzystaj ze schematu rozmowy.',NULL,'2018-07-25 14:44:04','Jadwiga Śliwińska','Anna Stębnowska'),(1115,75,'SŁUŻBA','Pierwsze odwiedziny — film ',5,'Po odtworzeniu filmu omówcie go.',NULL,'2018-07-25 14:44:04','Jarosław Rola',''),(1116,75,'SŁUŻBA','Przemówienie ',6,'w14 15.8 ss. 29, 30. Temat: Czy słowa Jezusa z Łukasza 20:34-36 odnoszą się do ziemskiego zmartwychwstania?',NULL,'2018-07-25 14:44:04','Piotr Jaskulski',''),(1117,75,'ŻYCIE','„Podnośmy jakość swojej służby: Korzystanie z serwisu jw.org” ',15,'Omówienie z udziałem obecnych. Odtwórz film.',NULL,'2018-07-25 14:44:04','Andrzej Sadowski',''),(1118,75,'ŻYCIE','Zborowe studium Biblii ',30,'jy rozdz. 33',NULL,'2018-07-25 14:44:04','Marek Wilczyński','Wojciech Przywecki'),(1119,76,'SKARBY','„Zbliża się wasze wyzwolenie” ',10,'',NULL,'2018-07-25 14:44:04','Maciej Fopp',''),(1120,76,'SKARBY','Wyszukujemy duchowe skarby',8,'',NULL,'2018-07-25 14:44:04','Marek Wilczyński',''),(1121,76,'SKARBY','Łk 22:35-53',4,'',NULL,'2018-07-25 14:44:04','Rafał Matuszczak',''),(1122,76,'SŁUŻBA','Pierwsza rozmowa ',2,'Skorzystaj ze schematu rozmowy. Pokaż, jak zareagować na zarzut często spotykany na waszym terenie.',NULL,'2018-07-25 14:44:04','Piotr Piotrowski','Jacek Liwski'),(1123,76,'SŁUŻBA','Pierwsze odwiedziny ',3,'Skorzystaj ze schematu rozmowy. Pokaż, jak zareagować, gdy rozmówca jest zajęty.',NULL,'2018-07-25 14:44:04','Anna Piotrowska','Eliza Kostun'),(1124,76,'SŁUŻBA','Drugie odwiedziny — film ',5,'Po odtworzeniu filmu omówcie go.',NULL,'2018-07-25 14:44:04','Andrzej Sadowski',''),(1125,76,'ŻYCIE','Potrzeby zboru ',15,'',NULL,'2018-07-25 14:44:04','Dawid Richter',''),(1126,76,'ŻYCIE','Zborowe studium Biblii ',30,'jy rozdz. 34',NULL,'2018-07-25 14:44:04','Dawid Richter','Andrzej Wójcik'),(1127,77,'SKARBY','„Bądź gotowy przebaczać innym” ',10,'',NULL,'2018-07-25 14:44:04','Artur Żbikowski',''),(1128,77,'SKARBY','Wyszukujemy duchowe skarby',8,'',NULL,'2018-07-25 14:44:04','Andrzej Wójcik',''),(1129,77,'SKARBY','Łk 23:1-16',4,'',NULL,'2018-07-25 14:44:04','Adam Wójcik',''),(1130,77,'SŁUŻBA','Drugie odwiedziny ',3,'Skorzystaj ze schematu rozmowy. Zaproponuj jedną z publikacji z naszych podstawowych narzędzi do nauczania, która trafia w potrzeby rozmówcy.',NULL,'2018-07-25 14:44:04','Anna Rząca','Ewa Rząca'),(1131,77,'SŁUŻBA','Trzecie odwiedziny ',3,'Sam wybierz werset i zaproponuj którąś z publikacji do studium.',NULL,'2018-07-25 14:44:04','Barbara Sadowska','Anna Fopp'),(1132,77,'SŁUŻBA','Studium biblijne ',6,'fg lekcja 4, ak. 3, 4',NULL,'2018-07-25 14:44:04','Mateusz Wilczyński','Wojciech Przywecki'),(1133,77,'ŻYCIE','„Jezus umarł również za twojego brata” ',15,'Omówienie z udziałem obecnych. Odtwórz film Upiększaj swoją osobowość!',NULL,'2018-07-25 14:44:04','Tomasz Stębnowski',''),(1134,77,'ŻYCIE','Zborowe studium Biblii ',30,'jy rozdz. 35, ak. 1-11',NULL,'2018-07-25 14:44:04','Maciej Fopp','Wojciech Przywecki'),(1135,78,'SKARBY','„Jezus dokonuje pierwszego cudu” ',10,'',NULL,'2018-09-01 11:06:26','Andrzej Sadowski',''),(1136,78,'SKARBY','Wyszukujemy duchowe skarby',8,'',NULL,'2018-09-01 11:06:26','Mateusz Wilczyński',''),(1137,78,'SKARBY','Jn 1:1-18',4,'',NULL,'2018-09-01 11:06:26','Filip Sadowski',''),(1138,78,'SŁUŻBA','Pierwsza rozmowa — film ',4,'Po odtworzeniu filmu omówcie go.',NULL,'2018-09-01 11:06:26','Artur Żbikowski',''),(1139,78,'SŁUŻBA','Pierwsze odwiedziny ',3,'Skorzystaj ze schematu rozmowy.',NULL,'2018-09-01 11:06:26','Milena Richter','Anna Michniewska'),(1140,78,'SŁUŻBA','Studium biblijne ',6,'bhssm rozdz. 4, pkt 2',NULL,'2018-09-01 11:06:26','Małgorzata Jaskulska','Lidia Wójcik'),(1141,78,'ŻYCIE','Potrzeby zboru ',8,'',NULL,'2018-09-01 11:06:26','Dawid Richter',''),(1142,78,'ŻYCIE','Osiągnięcia organizacji ',7,'Odtwórz film z serii Osiągnięcia organizacji przewidziany na wrzesień.',NULL,'2018-09-01 11:06:26','Artur Żbikowski',''),(1143,78,'ŻYCIE','Zborowe studium Biblii ',30,'jy rozdz. 35, ak. 12-19',NULL,'2018-09-01 11:06:26','Maciej Fopp','Wojciech Przywecki'),(1144,79,'SKARBY','„Jezus głosi Samarytance” ',10,'',NULL,'2018-09-01 11:06:26','Jarosław Rola',''),(1145,79,'SKARBY','Wyszukujemy duchowe skarby',8,'',NULL,'2018-09-01 11:06:26','Mateusz Wilczyński',''),(1146,79,'SKARBY','Jn 4:1-15',4,'',NULL,'2018-09-01 11:06:26','Zdzisław Brzeszczyński',''),(1147,79,'SŁUŻBA','Pierwsza rozmowa ',2,'Skorzystaj ze schematu rozmowy.',NULL,'2018-09-01 11:06:26','Aleksandra Matuszczak','Marta Siporska'),(1148,79,'SŁUŻBA','Pierwsze odwiedziny — film ',5,'Po odtworzeniu filmu omówcie go.',NULL,'2018-09-01 11:06:26','Maciej Fopp',''),(1149,79,'SŁUŻBA','Przemówienie ',6,'wp16.2 s. 9, ak. 1-4. Temat: Wyjaśnienie słów z Jana 4:23.',NULL,'2018-09-01 11:06:26','Wojciech Przywecki',''),(1150,79,'ŻYCIE','„Podnośmy jakość swojej służby: Nawiązywanie rozmów może prowadzić do dania świadectwa” ',15,'Omówienie z udziałem obecnych. Na koniec zachęć wszystkich, żeby przez najbliższy tydzień spróbowali nawiązać przynajmniej jedną rozmowę. Na następnym zebraniu w tygodniu głosiciele będą mogl',NULL,'2018-09-01 11:06:26','Artur Żbikowski',''),(1151,79,'ŻYCIE','Zborowe studium Biblii ',30,'jy rozdz. 35, ak. 20-27, ramka „Uczenie przez powtarzanie”',NULL,'2018-09-01 11:06:26','Andrzej Sadowski','Wojciech Przywecki'),(1152,80,'SKARBY','„Naśladuj Jezusa z właściwych pobudek” ',10,'',NULL,'2018-09-01 11:06:27','Maciej Fopp',''),(1153,80,'SKARBY','Wyszukujemy duchowe skarby',8,'',NULL,'2018-09-01 11:06:27','Marek Wilczyński',''),(1154,80,'SKARBY','Jn 6:41-59',4,'',NULL,'2018-09-01 11:06:27','Ryszard Hańka',''),(1155,80,'SŁUŻBA','Pierwsza rozmowa ',2,'Skorzystaj ze schematu rozmowy. Rozmówca stawia zarzut często spotykany na waszym terenie.',NULL,'2018-09-01 11:06:27','Anna Piotrowska','Agnieszka Woźnicka'),(1156,80,'SŁUŻBA','Pierwsze odwiedziny ',3,'Skorzystaj ze schematu rozmowy. Rozmówca mówi, że jest chrześcijaninem.',NULL,'2018-09-01 11:06:27','Izabela Ściborowska','Małgorzata Żbikowska'),(1157,80,'SŁUŻBA','Drugie odwiedziny — film ',5,'Po odtworzeniu filmu omówcie go.',NULL,'2018-09-01 11:06:27','Andrzej Sadowski',''),(1158,80,'ŻYCIE','Głoszenie nieoficjalne — doświadczenia ',5,'Punkt z udziałem obecnych. Zachęć głosicieli, żeby opowiedzieli, jak udało im się nawiązać rozmowy, podczas których mogli dać świadectwo.',NULL,'2018-09-01 11:06:27','Jarosław Rola',''),(1159,80,'ŻYCIE','„Nic się nie zmarnowało” ',10,'Omówienie z udziałem obecnych. Odtwórz film Projekty przyjazne dla środowiska przysparzają chwały Jehowie — fragment.',NULL,'2018-09-01 11:06:27','Artur Żbikowski',''),(1160,80,'ŻYCIE','Zborowe studium Biblii ',30,'jy rozdz. 35, ak. 28-36',NULL,'2018-09-01 11:06:27','Tomasz Stębnowski','Mateusz Wilczyński'),(1161,81,'SKARBY','„Jezus oddawał chwałę Ojcu” ',10,'',NULL,'2018-09-01 11:06:27','Tomasz Stębnowski',''),(1162,81,'SKARBY','Wyszukujemy duchowe skarby',8,'',NULL,'2018-09-01 11:06:27','Andrzej Wójcik',''),(1163,81,'SKARBY','Jn 8:31-47',4,'',NULL,'2018-09-01 11:06:27','Jerzy Pakuła',''),(1164,81,'SŁUŻBA','Drugie odwiedziny ',3,'Skorzystaj ze schematu rozmowy. Następnie zaproś zainteresowanego na zebranie.',NULL,'2018-09-01 11:06:27','Marta Ściborowska','Ewa Rząca'),(1165,81,'SŁUŻBA','Trzecie odwiedziny ',3,'Sam wybierz werset i zaproponuj którąś z publikacji do studium.',NULL,'2018-09-01 11:06:27','Sylwia Rola','Jagoda Hańka'),(1166,81,'SŁUŻBA','Studium biblijne ',6,'lv ss. 9, 10, ak. 10, 11',NULL,'2018-09-01 11:06:27','Karolina Polańska','Anna Matuszczak'),(1167,81,'ŻYCIE','„Naśladuj pokorę i skromność Jezusa” ',15,'Omówienie z udziałem obecnych. Odtwórz filmy.',NULL,'2018-09-01 11:06:27','Dawid Richter',''),(1168,81,'ŻYCIE','Zborowe studium Biblii ',30,'jy rozdz. 36',NULL,'2018-09-01 11:06:27','Marek Wilczyński','Maciej Fopp'),(1169,82,'SKARBY','„Jezus dba o swoje owce” ',10,'',NULL,'2019-05-21 08:27:17',' ',''),(1170,82,'SKARBY','Wyszukujemy duchowe skarby',8,'',NULL,'2019-05-21 08:27:17',' ',''),(1171,82,'SKARBY','Jn 9:1-17',4,'',NULL,'2019-05-21 08:27:17',' ',''),(1172,82,'SŁUŻBA','Pierwsza rozmowa — film ',4,'Po odtworzeniu filmu omówcie go.',NULL,'2019-05-21 08:27:17',' ',' '),(1173,82,'SŁUŻBA','Pierwsze odwiedziny ',3,'Skorzystaj ze schematu rozmowy.',NULL,'2019-05-21 08:27:17',' ',' '),(1174,82,'SŁUŻBA','Studium biblijne ',6,'fg lekcja 14, ak. 1, 2',NULL,'2019-05-21 08:27:17',' ',' '),(1175,82,'ŻYCIE','Potrzeby zboru ',15,'',NULL,'2019-05-21 08:27:17','--',''),(1176,82,'ŻYCIE','Zborowe studium Biblii ',30,'jy rozdz. 37',NULL,'2019-05-21 08:27:17','--',' '),(1177,83,'SKARBY','„Naśladuj współczucie Jezusa” ',10,'',NULL,'2019-05-21 08:27:17','Dawid Richter',''),(1178,83,'SKARBY','Wyszukujemy duchowe skarby',8,'',NULL,'2019-05-21 08:27:17','Andrzej Sadowski',''),(1179,83,'SKARBY','Jn 12:35-50',4,'',NULL,'2019-05-21 08:27:17','Adam Wójcik',''),(1180,83,'SŁUŻBA','Pierwsza rozmowa ',2,'Skorzystaj ze schematu rozmowy.',NULL,'2019-05-21 08:27:17','Aleksandra Wójcik','Andrzej Wójcik'),(1181,83,'SŁUŻBA','Pierwsze odwiedziny — film ',5,'Po odtworzeniu filmu omówcie go.',NULL,'2019-05-21 08:27:17','Maciej Fopp',''),(1182,83,'SŁUŻBA','Przemówienie ',6,'w13 15.9 s. 32. Temat: Dlaczego Jezus zapłakał, skoro zamierzał wskrzesić Łazarza?',NULL,'2019-05-21 08:27:17','Michał Żbikowski',''),(1183,83,'ŻYCIE','Jezus jest „zmartwychwstaniem i życiem” ',15,'Omówienie z udziałem obecnych. Odtwórz film „Bóg uczynił go zarówno Panem, jak i Chrystusem” — część II (fragment). Następnie poproś obecnych, by odpowiedzieli na następujące pytania: Czego z',NULL,'2019-05-21 08:27:17','Tomasz Stębnowski',''),(1184,83,'ŻYCIE','Zborowe studium Biblii ',30,'jy rozdz. 38',NULL,'2019-05-21 08:27:17','Artur Żbikowski','Jarosław Rola'),(1185,84,'SKARBY','„Dałem wam wzór” ',10,'',NULL,'2019-05-21 08:27:17','Andrzej Sadowski',''),(1186,84,'SKARBY','Wyszukujemy duchowe skarby',8,'',NULL,'2019-05-21 08:27:17','Mateusz Wilczyński',''),(1187,84,'SKARBY','Jn 13:1-17',4,'',NULL,'2019-05-21 08:27:17','Tymoteusz Sadowski',''),(1188,84,'SŁUŻBA','Pierwsza rozmowa ',2,'Pokaż, jak skorzystać ze schematu rozmowy podczas głoszenia nieoficjalnego.',NULL,'2019-05-21 08:27:17','Mariola Łyszcz','Agnieszka Woźnicka'),(1189,84,'SŁUŻBA','Pierwsze odwiedziny ',3,'Skorzystaj ze schematu rozmowy.',NULL,'2019-05-21 08:27:17','Eliza Kostun','Jagoda Śliwińska'),(1190,84,'SŁUŻBA','Drugie odwiedziny — film ',5,'Po odtworzeniu filmu omówcie go.',NULL,'2019-05-21 08:27:17','Dawid Richter',''),(1191,84,'ŻYCIE','„Miłość pozwala rozpoznać prawdziwych chrześcijan — wystrzegajmy się samolubstwa i wpadania w rozdrażnienie” ',15,'Omówienie z udziałem obecnych. Odtwórz film Niech „będzie wśród was miłość” — wystrzegajmy się samolubstwa i wpadania w rozdrażnienie. Jeśli czas pozwoli, przeanalizujcie ramkę „Biblijny przy',NULL,'2019-05-21 08:27:17','Andrzej Wójcik',''),(1192,84,'ŻYCIE','Zborowe studium Biblii ',30,'jy rozdz. 39',NULL,'2019-05-21 08:27:17','Jarosław Rola','Wojciech Przywecki'),(1193,85,'SKARBY','„Nie jesteście częścią świata” ',10,'',NULL,'2019-05-21 08:27:17','Jarosław Rola',''),(1194,85,'SKARBY','Wyszukujemy duchowe skarby',8,'',NULL,'2019-05-21 08:27:17','Maciej Fopp',''),(1195,85,'SKARBY','Jn 17:1-14',4,'',NULL,'2019-05-21 08:27:17','Filip Fopp',''),(1196,85,'SŁUŻBA','Drugie odwiedziny ',3,'Skorzystaj ze schematu rozmowy.',NULL,'2019-05-21 08:27:17','Henryka Kukulska','Marta Ściborowska'),(1197,85,'SŁUŻBA','Trzecie odwiedziny ',3,'Sam wybierz werset i zaproponuj którąś z publikacji do studium.',NULL,'2019-05-21 08:27:17','Anna Stębnowska','Lidia Wójcik'),(1198,85,'SŁUŻBA','Studium biblijne ',6,'fg lekcja 14, ak. 3, 4',NULL,'2019-05-21 08:27:17','Marcin Polański','Adrian Siporski'),(1199,85,'ŻYCIE','„Miłość pozwala rozpoznać prawdziwych chrześcijan — strzeżmy naszej cennej jedności” ',15,'Omówienie z udziałem obecnych. Odtwórz film Niech „będzie wśród was miłość” — nie prowadźmy rachunku krzywdy. Jeśli czas pozwoli, przeanalizujcie ramkę „Biblijny przykład, nad którym warto ro',NULL,'2019-05-21 08:27:17','Andrzej Sadowski',''),(1200,85,'ŻYCIE','Zborowe studium Biblii ',30,'jy rozdz. 40',NULL,'2019-05-21 08:27:17','Marek Wilczyński','Mateusz Wilczyński'),(1201,86,'SKARBY','„Jezus dał świadectwo prawdzie” ',10,'',NULL,'2019-05-21 08:27:17','Artur Żbikowski',''),(1202,86,'SKARBY','Wyszukujemy duchowe skarby',8,'',NULL,'2019-05-21 08:27:17','Jarosław Rola',''),(1203,86,'SKARBY','Jn 18:1-14',4,'',NULL,'2019-05-21 08:27:17','Sylwester Kacprzak',''),(1204,86,'SŁUŻBA','Drugie odwiedziny ',3,'Skorzystaj ze schematu rozmowy. Pokaż domownikowi serwis internetowy jw.org.',NULL,'2019-05-21 08:27:17','Agnieszka Woźnicka','Małgorzata Żbikowska'),(1205,86,'SŁUŻBA','Trzecie odwiedziny ',3,'Sam wybierz werset oraz pytanie do omówienia następnym razem.',NULL,'2019-05-21 08:27:17','Katarzyna Stasiak-Turlejska','Elżbieta Wilczyńska'),(1206,86,'SŁUŻBA','Studium biblijne ',6,'fg lekcja 14, ak. 6, 7',NULL,'2019-05-21 08:27:17','Andrzej Wójcik','Jakub Jaskulski'),(1207,86,'ŻYCIE','„Miłość pozwala rozpoznać prawdziwych chrześcijan — współradujmy się z prawdą” ',15,'Omówienie z udziałem obecnych. Odtwórz film Niech „będzie wśród was miłość” — nie radujmy się z nieprawości, ale się współradujmy z prawdą. Jeśli czas pozwoli, przeanalizujcie ramkę „Biblijny',NULL,'2019-05-21 08:27:17','Marek Wilczyński',''),(1208,86,'ŻYCIE','Zborowe studium Biblii ',30,'jy rozdz. 41',NULL,'2019-05-21 08:27:17','Tomasz Stębnowski','Dawid Richter'),(1209,87,'SKARBY','„Czy mnie bardziej od tych miłujesz?” ',10,'',NULL,'2019-05-21 08:27:17','Andrzej Wójcik',''),(1210,87,'SKARBY','Wyszukujemy duchowe skarby',8,'',NULL,'2019-05-21 08:27:17','Mateusz Wilczyński',''),(1211,87,'SKARBY','Jn 20:1-18',4,'',NULL,'2019-05-21 08:27:17','Andrzej Kozłowski',''),(1212,87,'SŁUŻBA','Pierwsza rozmowa — film ',4,'Po odtworzeniu filmu omówcie go.',NULL,'2019-05-21 08:27:17','Andrzej Sadowski',''),(1213,87,'SŁUŻBA','Pierwsze odwiedziny ',3,'Skorzystaj ze schematu rozmowy.',NULL,'2019-05-21 08:27:17','Małgorzata Żbikowska','Irena  Kasprzak'),(1214,87,'SŁUŻBA','Studium biblijne ',6,'bh s. 73, ak. 21, 22. Zaproś rozmówcę na zebranie.',NULL,'2019-05-21 08:27:17','Jacek Liwski','Piotr Piotrowski'),(1215,87,'ŻYCIE','Potrzeby zboru ',15,'',NULL,'2019-05-21 08:27:17','Dawid Richter',''),(1216,87,'ŻYCIE','Zborowe studium Biblii ',30,'jy rozdz. 42',NULL,'2019-05-21 08:27:17','Maciej Fopp','Wojciech Przywecki'),(1217,88,'SKARBY','„Na zbór chrześcijański zostaje wylany duch święty” ',10,'',NULL,'2019-05-21 08:27:17','Tomasz Stębnowski',''),(1218,88,'SKARBY','Wyszukujemy duchowe skarby',8,'',NULL,'2019-05-21 08:27:17','Artur Żbikowski',''),(1219,88,'SKARBY','Dz 2:1-21',4,'',NULL,'2019-05-21 08:27:17','Wiesław  Pająk',''),(1220,88,'SŁUŻBA','Pierwsza rozmowa ',2,'Skorzystaj ze schematu rozmowy.',NULL,'2019-05-21 08:27:17','Anna  Matuszczak','Anna Fopp'),(1221,88,'SŁUŻBA','Pierwsze odwiedziny — film ',5,'Po odtworzeniu filmu omówcie go.',NULL,'2019-05-21 08:27:17','Jarosław Rola',''),(1222,88,'SŁUŻBA','Przemówienie ',6,'it-1 s. 95, ak. 1, 2. Temat: Dlaczego Judasz został zastąpiony innym apostołem, a wierni apostołowie po śmierci nie byli nikim zastępowani?',NULL,'2019-05-21 08:27:17','Tomasz Szulc',''),(1223,88,'ŻYCIE','„Współpraca na terenie wielojęzycznym” ',15,'Omówienie z udziałem obecnych. Punkt ten przeprowadzi nadzorca służby. Po odtworzeniu filmu omówcie go. Podaj miejscowe ustalenia dotyczące opracowywania terenu wielojęzycznego.',NULL,'2019-05-21 08:27:17','Dawid Richter',''),(1224,88,'ŻYCIE','Zborowe studium Biblii ',30,'jy rozdz. 43, ak. 1-7',NULL,'2019-05-21 08:27:17','Andrzej Sadowski','Mateusz Wilczyński'),(1225,89,'SKARBY','„Dalej ze śmiałością oznajmiali Słowo Boże” ',10,'',NULL,'2019-05-21 08:27:17','Andrzej Sadowski',''),(1226,89,'SKARBY','Wyszukujemy duchowe skarby',8,'',NULL,'2019-05-21 08:27:17','Andrzej Wójcik',''),(1227,89,'SKARBY','Dz 5:27-42',4,'',NULL,'2019-05-21 08:27:17','Adrian Siporski',''),(1228,89,'SŁUŻBA','Pierwsza rozmowa ',2,'Skorzystaj ze schematu rozmowy. Rozmówca stawia zarzut często spotykany na waszym terenie.',NULL,'2019-05-21 08:27:17','Jakub Jaskulski','Piotr Jaskulski'),(1229,89,'SŁUŻBA','Pierwsze odwiedziny ',3,'Skorzystaj ze schematu rozmowy. Rozmówca mówi, że nie jest chrześcijaninem.',NULL,'2019-05-21 08:27:17','Magdalena Liwska','Anna Rząca'),(1230,89,'SŁUŻBA','Drugie odwiedziny — film ',5,'Po odtworzeniu filmu omówcie go.',NULL,'2019-05-21 08:27:17','Artur Żbikowski',''),(1231,89,'ŻYCIE','„Świadczenie z wózkiem przynosi efekty na całym świecie” ',15,'Omówienie z udziałem obecnych. Punkt ten przeprowadzi nadzorca służby. Odtwórz film. Jeżeli podczas świadczenia publicznego zbór korzysta ze stolika albo z wózka, pokaż go obecnym. Podaj miej',NULL,'2019-05-21 08:27:17','Dawid Richter',''),(1232,89,'ŻYCIE','Zborowe studium Biblii ',30,'jy rozdz. 43, ak. 8-18',NULL,'2019-05-21 08:27:17','--','--'),(1233,90,'SKARBY','„Nowo powstały zbór zostaje poddany próbie” ',10,'',NULL,'2019-05-21 08:27:17','Jarosław Rola',''),(1234,90,'SKARBY','Wyszukujemy duchowe skarby',8,'',NULL,'2019-05-21 08:27:18','Marek Wilczyński',''),(1235,90,'SKARBY','Dz 6:1-15',4,'',NULL,'2019-05-21 08:27:18','Stanisław Grzęda',''),(1236,90,'SŁUŻBA','Drugie odwiedziny ',3,'Skorzystaj ze schematu rozmowy. Zaproś rozmówcę na zebranie.',NULL,'2019-05-21 08:27:18','Magdalena Dąbrowska','Anna Stębnowska'),(1237,90,'SŁUŻBA','Trzecie odwiedziny ',3,'Sam wybierz werset, żeby odpowiedzieć na pytanie zadane na koniec drugich odwiedzin, i zaproponuj którąś z publikacji do studium.',NULL,'2019-05-21 08:27:18','Milena Richter','Ewa Rząca'),(1238,90,'SŁUŻBA','Studium biblijne ',6,'lv s. 33, ak. 16, 17',NULL,'2019-05-21 08:27:18','Bogumiła Szulc','Barbara Sadowska'),(1239,90,'ŻYCIE','„Dar dla Jehowy” ',15,'Omówienie z udziałem obecnych. Punkt ten przeprowadzi starszy. Na początek odtwórz film „Dar dla Jehowy”. Odczytaj list z Biura Oddziału z podziękowaniami za datki otrzymane w ubiegłym roku s',NULL,'2019-05-21 08:27:18','Andrzej Sadowski',''),(1240,90,'ŻYCIE','Zborowe studium Biblii ',30,'jy rozdz. 43, ak. 19-29',NULL,'2019-05-21 08:27:18','Dawid Richter','Andrzej Wójcik'),(1241,91,'SKARBY','„Zaciekły prześladowca zostaje gorliwym głosicielem” ',10,'',NULL,'2019-05-21 08:27:18','Maciej Fopp',''),(1242,91,'SKARBY','Wyszukujemy duchowe skarby',8,'',NULL,'2019-05-21 08:27:18','Tomasz Stębnowski',''),(1243,91,'SKARBY','Dz 9:10-22',4,'',NULL,'2019-05-21 08:27:18','Filip Sadowski',''),(1244,91,'SŁUŻBA','Pierwsza rozmowa — film ',4,'Po odtworzeniu filmu omówcie go.',NULL,'2019-05-21 08:27:18','Dawid Richter',''),(1245,91,'SŁUŻBA','Pierwsze odwiedziny ',3,'Skorzystaj ze schematu rozmowy.',NULL,'2019-05-21 08:27:18','Matuszczak Rafał','Andrzej Kozłowski'),(1246,91,'SŁUŻBA','Studium biblijne ',6,'jl lekcja 6',NULL,'2019-05-21 08:27:18','Piotr Piotrowski','Wiesław Pająk'),(1247,91,'ŻYCIE','Potrzeby zboru ',8,'',NULL,'2019-05-21 08:27:18','Marek Wilczyński',''),(1248,91,'ŻYCIE','Osiągnięcia organizacji ',7,'Odtwórz film z serii Osiągnięcia organizacji przewidziany na grudzień.',NULL,'2019-05-21 08:27:18','Dawid Richter',''),(1249,91,'ŻYCIE','Zborowe studium Biblii ',30,'jy rozdz. 44',NULL,'2019-05-21 08:27:18','Jarosław Rola','Wojciech Przywecki'),(1250,92,'SKARBY','„Barnabas i Paweł głosili na odległych terenach” ',10,'',NULL,'2019-05-21 08:27:18','Artur Żbikowski',''),(1251,92,'SKARBY','Wyszukujemy duchowe skarby',8,'',NULL,'2019-05-21 08:27:18','Mateusz Wilczyński',''),(1252,92,'SKARBY','Dz 12:1-17',4,'',NULL,'2019-05-21 08:27:18','Jaskulski Piotr',''),(1253,92,'SŁUŻBA','Pierwsza rozmowa ',2,'Skorzystaj ze schematu rozmowy.',NULL,'2019-05-21 08:27:18','Marta Siporska','Aleksandra Matuszczak'),(1254,92,'SŁUŻBA','Pierwsze odwiedziny — film ',5,'Po odtworzeniu filmu omówcie go.',NULL,'2019-05-21 08:27:18','Andrzej Sadowski',''),(1255,92,'SŁUŻBA','Przemówienie ',6,'bt ss. 78, 79, ak. 8, 9. Temat: Módl się za współwyznawców.',NULL,'2019-05-21 08:27:18','Tomasz Stębnowski',''),(1256,92,'ŻYCIE','„Podnośmy jakość swojej służby: Pomaganie tym, którzy mają ‚właściwe nastawienie serca’, żeby zostali uczniami Jezusa” ',15,'Omówienie z udziałem obecnych. Odtwórz film Jehowa Bóg ci pomoże.',NULL,'2019-05-21 08:27:18','Dawid Richter',''),(1257,92,'ŻYCIE','Zborowe studium Biblii ',30,'jy rozdz. 45',NULL,'2019-05-21 08:27:18','Marek Wilczyński','Jarosław Rola'),(1258,93,'SKARBY','„Jednomyślna decyzja oparta na Słowie Bożym” ',10,'',NULL,'2019-05-21 08:27:18','Dawid Richter',''),(1259,93,'SKARBY','Wyszukujemy duchowe skarby',8,'',NULL,'2019-05-21 08:27:18','Andrzej Wójcik',''),(1260,93,'SKARBY','Dz 16:25-40',4,'',NULL,'2019-05-21 08:27:18','Wojciech Przywecki',''),(1261,93,'SŁUŻBA','Pierwsza rozmowa ',2,'Skorzystaj ze schematu rozmowy. Pokaż, jak zareagować na zarzut często spotykany na waszym terenie.',NULL,'2019-05-21 08:27:18','Anna Fopp','Maciej Fopp'),(1262,93,'SŁUŻBA','Pierwsze odwiedziny ',3,'Skorzystaj ze schematu rozmowy. Wprowadź i omów film Dlaczego warto studiować Biblię? (Podczas scenki nie odtwarzaj filmu).',NULL,'2019-05-21 08:27:18','Aleksandra Matuszczak','Karolina Polańska'),(1263,93,'SŁUŻBA','Drugie odwiedziny — film ',5,'Po odtworzeniu filmu omówcie go.',NULL,'2019-05-21 08:27:18','Jarosław Rola',''),(1264,93,'ŻYCIE','„Radośnie wysławiajmy Jehowę pieśniami” ',15,'Omówienie z udziałem obecnych. Odtwórz film Dzieci wysławiają Jehowę pieśniami. Na zakończenie poproś, żeby wszyscy wstali i zaśpiewali razem z chórem dziecięcym Pieśń 083 — Od drzwi do drzwi',NULL,'2019-05-21 08:27:18','Andrzej Sadowski',''),(1265,93,'ŻYCIE','Zborowe studium Biblii ',30,'jy rozdz. 46',NULL,'2019-05-21 08:27:18','Artur Żbikowski','Mateusz Wilczyński'),(1266,94,'SKARBY','„Naśladujmy sposób głoszenia i nauczania apostoła Pawła” ',10,'',NULL,'2019-05-21 08:27:18','Marek Wilczyński',''),(1267,94,'SKARBY','Wyszukujemy duchowe skarby',8,'',NULL,'2019-05-21 08:27:18','Dawid Richter',''),(1268,94,'SKARBY','Dz 17:1-15',4,'',NULL,'2019-05-21 08:27:18','Ryszard Hańka',''),(1269,94,'SŁUŻBA','Drugie odwiedziny ',3,'Skorzystaj ze schematu rozmowy. Wprowadź i omów film Jak wygląda studium Biblii? (Podczas scenki nie odtwarzaj filmu).',NULL,'2019-05-21 08:27:18','Mateusz Wilczyński','Michał Żbikowski'),(1270,94,'SŁUŻBA','Trzecie odwiedziny ',3,'Sam wybierz werset i zaproponuj którąś z publikacji do studium.',NULL,'2019-05-21 08:27:18','Anna Rząca','Izabela Ściborowska'),(1271,94,'SŁUŻBA','Studium biblijne ',6,'jl lekcja 7',NULL,'2019-05-21 08:27:18','Barbara Sadowska','Jagoda Hańka'),(1272,94,'ŻYCIE','Dokładnie rozgłaszaj dobrą nowinę ',15,'Omówienie z udziałem obecnych. Odtwórz film Rodzinne wielbienie Boga: Paweł ‛dokładnie rozgłaszał dobrą nowinę’. Następnie zadaj pytania: Jakich zmian musieli dokonać członkowie rodziny przed',NULL,'2019-05-21 08:27:18','Jarosław Rola',''),(1273,94,'ŻYCIE','Zborowe studium Biblii ',30,'jy rozdz. 47',NULL,'2019-05-21 08:27:18','Andrzej Sadowski','Andrzej Wójcik'),(1274,95,'SKARBY','„Uważajcie na samych siebie i na całą trzodę” ',10,'',NULL,'2019-05-21 08:44:47','Jarosław Rola',''),(1275,95,'SKARBY','Wyszukujemy duchowe skarby',8,'',NULL,'2019-05-21 08:44:47','Maciej Fopp',''),(1276,95,'SKARBY','Dz 19:1-20',4,'',NULL,'2019-05-21 08:44:47','Zdzisław Brzeszczyński',''),(1277,95,'SŁUŻBA','Drugie odwiedziny ',3,'Skorzystaj ze schematu rozmowy. Wręcz wizytówkę jw.org.',NULL,'2019-05-21 08:44:47','Artur Żbikowski',''),(1278,95,'SŁUŻBA','Trzecie odwiedziny ',3,'Sam wybierz werset i pytanie na koniec rozmowy.',NULL,'2019-05-21 08:44:47','Anna Pająk','Sylwia Rola'),(1279,95,'SŁUŻBA','Studium biblijne ',6,'jl lekcja 15',NULL,'2019-05-21 08:44:47','Anna Piotrowska','Małgorzata Żbikowska'),(1280,95,'ŻYCIE','Szkolcie młodych, którzy ubiegają się o przywileje ',15,'Omówienie z udziałem obecnych. Odtwórz film, a następnie odpowiedz na pytania: Jaką ważną rolę odgrywają w zborze starsi? (Dz 20:28). Dlaczego starsi muszą szkolić innych? Jak starsi mogą naś',NULL,'2019-05-21 08:44:47','Andrzej Sadowski',''),(1281,95,'ŻYCIE','Zborowe studium Biblii ',30,'jy rozdz. 48',NULL,'2019-05-21 08:44:47','Tomasz Stębnowski','Wojciech Przywecki'),(1282,96,'SKARBY','„Niech się stanie wola Jehowy” ',10,'','2018-11-16 10:57:27','2019-05-21 08:44:47','Tomasz Stębnowski',''),(1283,96,'SKARBY','Wyszukujemy duchowe skarby',8,'','2018-11-16 10:57:27','2019-05-21 08:44:47','Artur Żbikowski',''),(1284,96,'SKARBY','Dz 21:1-19 (th lekcja 5)*',4,'','2018-11-16 10:57:27','2019-05-21 08:44:47','Piotr Piotrowski',''),(1285,96,'SŁUŻBA','Ulepszaj umiejętność czytania i nauczania ',10,'Omówienie z udziałem obecnych. Odtwórz film Skuteczny wstęp i omów lekcję 1 z broszury.','2018-11-16 10:57:27','2019-05-21 08:44:47','Dawid Richter',''),(1286,96,'SŁUŻBA','Przemówienie ',5,'w10 1.2 s. 13, ak. 2, do s. 14, ak. 2. Temat: Czy chrześcijanie muszą obchodzić szabat? (th lekcja 1)*','2018-11-16 10:57:27','2019-05-21 08:44:47','Jakub Jaskulski',''),(1287,96,'ŻYCIE','„Jehowa uczył nas, jak wychowywać dzieci” ',15,'Omówienie z udziałem obecnych. Odtwórz film.','2018-11-16 10:57:27','2019-05-21 08:44:47','Maciej Fopp',''),(1288,96,'ŻYCIE','Zborowe studium Biblii ',30,'jy rozdz. 49','2018-11-16 10:57:27','2019-05-21 08:44:47','Andrzej Sadowski','Mateusz Wilczyński'),(1289,97,'SKARBY','„Oskarżony, że jest jak zaraza i że wznieca rebelie” ',10,'','2018-11-16 10:58:11','2019-05-21 08:44:47','Artur Żbikowski',''),(1290,97,'SKARBY','Wyszukujemy duchowe skarby',8,'','2018-11-16 10:58:11','2019-05-21 08:44:47','Andrzej Sadowski',''),(1291,97,'SKARBY','Dz 23:1-15 (th lekcja 5)',4,'','2018-11-16 10:58:11','2019-05-21 08:44:47','Filip Fopp',''),(1292,97,'SŁUŻBA','Pierwsza rozmowa — film ',4,'Po odtworzeniu filmu omówcie go.','2018-11-16 10:58:11','2019-05-21 08:44:47','Jarosław Rola',''),(1293,97,'SŁUŻBA','Pierwsza rozmowa ',2,'Skorzystaj ze schematu rozmowy. (th lekcja 1)','2018-11-16 10:58:11','2019-05-21 08:44:47','Tymoteusz Sadowski','Barbara Sadowska'),(1294,97,'SŁUŻBA','Pierwsza rozmowa ',3,'Skorzystaj ze schematu rozmowy. Odpowiedz na zarzut często spotykany na twoim terenie. (th lekcja 2)','2018-11-16 10:58:11','2019-05-21 08:44:47','Izabela Ściborowska','Lidia Wójcik'),(1295,97,'SŁUŻBA','Pierwsza rozmowa ',3,'Skorzystaj ze schematu rozmowy. Odpowiedz na zarzut często spotykany na twoim terenie. (th lekcja 3)','2018-11-16 10:58:11','2019-05-21 08:44:47','Aleksandra Wójcik','Ewa Rząca'),(1296,97,'ŻYCIE','Sprawozdanie roczne ze służby ',15,'Przemówienie starszego. Najpierw odczytaj list z Biura Oddziału dotyczący sprawozdania z działalności w poprzednim roku służbowym. Następnie przeprowadź wywiad z wybranymi wcześniej głosiciel','2018-11-16 10:58:11','2019-05-21 08:44:47','Dawid Richter',''),(1297,97,'ŻYCIE','Zborowe studium Biblii ',30,'jy rozdz. 50','2018-11-16 10:58:11','2019-05-21 08:44:47','Maciej Fopp','Tomasz Stębnowski'),(1298,98,'SKARBY','„Paweł odwołuje się do Cezara i daje świadectwo królowi Herodowi Agryppie” ',10,'','2018-11-16 11:01:44','2019-05-21 08:44:47','Jarosław Rola',''),(1299,98,'SKARBY','Wyszukujemy duchowe skarby',8,'','2018-11-16 11:01:44','2019-05-21 08:44:47','Andrzej Wójcik',''),(1300,98,'SKARBY','Dz 25:1-12 (th lekcja 5)',4,'','2018-11-16 11:01:44','2019-05-21 08:44:47','Jacek Liwski',''),(1301,98,'SŁUŻBA','Pierwsze odwiedziny — film ',5,'Po odtworzeniu filmu omówcie go.','2018-11-16 11:01:44','2019-05-21 08:44:47','Andrzej Sadowski',''),(1302,98,'SŁUŻBA','Pierwsze odwiedziny ',3,'Skorzystaj ze schematu rozmowy. (th lekcja 2)','2018-11-16 11:01:44','2019-05-21 08:44:47','Marta Ściborowska','Bogumiła Szulc'),(1303,98,'SŁUŻBA','Pierwsze odwiedziny ',4,'Skorzystaj ze schematu rozmowy. Następnie wprowadź książkę Czego uczy Biblia? (th lekcja 3)','2018-11-16 11:01:44','2019-05-21 08:44:47','Mateusz Wilczyński','Matuszczak Rafał'),(1304,98,'ŻYCIE','„Legalizacja działalności w Quebecu” ',15,'Omówienie z udziałem obecnych. Odtwórz film.','2018-11-16 11:01:44','2019-05-21 08:44:47','Tomasz Stębnowski',''),(1305,98,'ŻYCIE','Zborowe studium Biblii ',30,'jy rozdz. 51','2018-11-16 11:01:44','2019-05-21 08:44:47','Dawid Richter','Wojciech Przywecki'),(1306,99,'SKARBY','„Paweł żegluje do Rzymu” ',10,'','2018-11-16 11:02:52','2019-05-21 08:44:47','Andrzej Wójcik',''),(1307,99,'SKARBY','Wyszukujemy duchowe skarby',8,'','2018-11-16 11:02:52','2019-05-21 08:44:47','Tomasz Stębnowski',''),(1308,99,'SKARBY','Dz 27:1-12 (th lekcja 5)',4,'','2018-11-16 11:02:52','2019-05-21 08:44:47','Marcin Polański',''),(1309,99,'SŁUŻBA','Drugie odwiedziny — film ',5,'Po odtworzeniu filmu omówcie go.','2018-11-16 11:02:52','2019-05-21 08:44:47','Dawid Richter',''),(1310,99,'SŁUŻBA','Drugie odwiedziny ',3,'Skorzystaj ze schematu rozmowy. (th lekcja 2)','2018-11-16 11:02:52','2019-05-21 08:44:47','Karolina Polańska','Anna Piotrowska'),(1311,99,'SŁUŻBA','Studium biblijne ',5,'lv ss. 139, 141, ak. 16, 17 (th lekcja 3)','2018-11-16 11:02:52','2019-05-21 08:44:47','Sylwia Rola','Jagoda Hańka'),(1312,99,'ŻYCIE','„Podziękował Bogu i nabrał odwagi” ',15,'Omówienie z udziałem obecnych. Odtwórz film „Żelazo ostrzy się żelazem” (fragment). Zachęć głosicieli, żeby obejrzeli cały film.','2018-11-16 11:02:52','2019-05-21 08:44:47','Andrzej Sadowski',''),(1313,99,'ŻYCIE','Zborowe studium Biblii ',30,'jy rozdz. 52','2018-11-16 11:02:52','2019-05-21 08:44:47','Jarosław Rola','Mateusz Wilczyński'),(1314,100,'SKARBY','„Nie przestawaj szkolić swojego sumienia” ',10,'','2019-01-04 10:02:03','2019-05-21 08:44:47','Dawid Richter',''),(1315,100,'SKARBY','Wyszukujemy duchowe skarby',8,'','2019-01-04 10:02:03','2019-05-21 08:44:47','Jarosław Rola',''),(1316,100,'SKARBY','Rz 1:1-17 (th lekcja 10)',4,'','2019-01-04 10:02:03','2019-05-21 08:44:47','Andrzej Wójcik',''),(1317,100,'SŁUŻBA','Ulepszaj umiejętność czytania i nauczania ',10,'Omówienie z udziałem obecnych. Odtwórz film Styl konwersacyjny i omów lekcję 2 z broszury.','2019-01-04 10:02:03','2019-05-21 08:44:47','Andrzej Sadowski',''),(1318,100,'SŁUŻBA','Przemówienie ',5,'w06 1.6 ss. 12, 13. Temat: Patrz realistycznie na ograniczenia własne i cudze. (th lekcja 7)','2019-01-04 10:02:03','2019-05-21 08:44:47','Adam Wójcik',''),(1319,100,'ŻYCIE','„Czy dostrzegasz przymioty niewidzialnego Boga?” ',15,'Omówienie z udziałem obecnych. Odtwórz film Cudowne dzieła stwórcze ukazują chwałę Boga: Światło i kolor.','2019-01-04 10:02:03','2019-05-21 08:44:47','Artur Żbikowski',''),(1320,100,'ŻYCIE','Zborowe studium Biblii ',30,'jy rozdz. 53','2019-01-04 10:02:03','2019-05-21 08:44:47','Marek Wilczyński','Wojciech Przywecki'),(1321,101,'SKARBY','„Bóg okazał nam miłość” ',10,'','2019-01-04 10:02:48','2019-05-21 08:44:47','Maciej Fopp',''),(1322,101,'SKARBY','Wyszukujemy duchowe skarby',8,'','2019-01-04 10:02:48','2019-05-21 08:44:47','Mateusz Wilczyński',''),(1323,101,'SKARBY','Rz 4:1-15 (th lekcja 10)',4,'','2019-01-04 10:02:48','2019-05-21 08:44:47','Rafał Matuszczak',''),(1324,101,'SŁUŻBA','Pierwsza rozmowa — film ',4,'Po odtworzeniu filmu omówcie go.','2019-01-04 10:02:48','2019-05-21 08:44:47','Artur Żbikowski',''),(1325,101,'SŁUŻBA','Pierwsza rozmowa ',2,'Skorzystaj ze schematu rozmowy. (th lekcja 4)','2019-01-04 10:02:48','2019-05-21 08:44:47','Elżbieta Wilczyńska','Marek Wilczyński'),(1326,101,'SŁUŻBA','Pierwsza rozmowa ',3,'Skorzystaj ze schematu rozmowy. Odpowiedz na zarzut często spotykany na twoim terenie. (th lekcja 6)','2019-01-04 10:02:48','2019-05-21 08:44:47','Adrian Siporski','Wiesław Pająk'),(1327,101,'SŁUŻBA','Pierwsza rozmowa ',3,'Skorzystaj ze schematu rozmowy. Wprowadź którąś z publikacji z naszych podstawowych narzędzi do nauczania. (th lekcja 9)','2019-01-04 10:02:48','2019-05-21 08:44:47','Andrzej Kozłowski','Jacek Liwski'),(1328,101,'ŻYCIE','Potrzeby zboru ',15,'','2019-01-04 10:02:48','2019-05-21 08:44:47','Andrzej Sadowski',''),(1329,101,'ŻYCIE','Zborowe studium Biblii ',30,'jy rozdz. 54','2019-01-04 10:02:48','2019-05-21 08:44:47','Tomasz Stębnowski','Dawid Richter'),(1330,102,'SKARBY','„Czy ‛z wielką tęsknotą wyczekujesz’?” ',10,'','2019-01-04 10:03:11','2019-05-21 08:44:47','Dawid Richter',''),(1331,102,'SKARBY','Wyszukujemy duchowe skarby',8,'','2019-01-04 10:03:11','2019-05-21 08:44:47','Marek Wilczyński',''),(1332,102,'SKARBY','Rz 7:13-25 (th lekcja 10)',4,'','2019-01-04 10:03:11','2019-05-21 08:44:47','Sylwester Kacprzak',''),(1333,102,'SŁUŻBA','Pierwsze odwiedziny — film ',5,'Po odtworzeniu filmu omówcie go.','2019-01-04 10:03:11','2019-05-21 08:44:47','Jarosław Rola',''),(1334,102,'SŁUŻBA','Pierwsze odwiedziny ',3,'Skorzystaj ze schematu rozmowy. (th lekcja 6)','2019-01-04 10:03:11','2019-05-21 08:44:47','Anna Stębnowska','Anna Michniewska'),(1335,102,'SŁUŻBA','Pierwsze odwiedziny ',5,'Skorzystaj ze schematu rozmowy. Wprowadź i omów film Jak wygląda studium Biblii? (Podczas scenki nie odtwarzaj filmu). (th lekcja 9)','2019-01-04 10:03:11','2019-05-21 08:44:47','Michał Żbikowski','Andrzej Wójcik'),(1336,102,'ŻYCIE','„Wytrwale tego wyczekujemy” ',15,'Omówienie z udziałem obecnych. Odtwórz film Musimy ‛biec wytrwale’: Bądźmy pewni, że zdobędziemy nagrodę.','2019-01-04 10:03:11','2019-05-21 08:44:47','Maciej Fopp',''),(1337,102,'ŻYCIE','Zborowe studium Biblii ',30,'jy rozdz. 55','2019-01-04 10:03:11','2019-05-21 08:44:47','Artur Żbikowski','Wojciech Przywecki'),(1338,103,'SKARBY','„Przykład o drzewie oliwnym” ',10,'','2019-01-04 10:03:31','2019-05-21 08:44:47','Andrzej Sadowski',''),(1339,103,'SKARBY','Wyszukujemy duchowe skarby',8,'','2019-01-04 10:03:31','2019-05-21 08:44:47','Artur Żbikowski',''),(1340,103,'SKARBY','Rz 10:1-15 (th lekcja 10)',4,'','2019-01-04 10:03:31','2019-05-21 08:44:47','Filip Sadowski',''),(1341,103,'SŁUŻBA','Drugie odwiedziny — film ',5,'Po odtworzeniu filmu omówcie go.','2019-01-04 10:03:31','2019-05-21 08:44:47','Maciej Fopp',''),(1342,103,'SŁUŻBA','Drugie odwiedziny ',3,'Skorzystaj ze schematu rozmowy. (th lekcja 6)','2019-01-04 10:03:31','2019-05-21 08:44:47','Małgorzata Żbikowska','Aleksandra Matuszczak'),(1343,103,'SŁUŻBA','Studium biblijne ',5,'Na początku skorzystaj ze schematu rozmowy dotyczącego drugich odwiedzin, a następnie rozpocznij studium za pomocą książki Czego uczy Biblia. (th lekcja 9)','2019-01-04 10:03:31','2019-05-21 08:44:47','Mariola Łyszcz','Henryka Kukulska'),(1344,103,'ŻYCIE','„Podnośmy jakość swojej służby: Przerywanie studiów biblijnych z osobami, które nie robią postępów” ',15,'Omówienie z udziałem obecnych. Odtwórz film.','2019-01-04 10:03:31','2019-05-21 08:44:47','Dawid Richter',''),(1345,103,'ŻYCIE','Zborowe studium Biblii ',30,'jy rozdz. 56','2019-01-04 10:03:31','2019-05-21 08:44:48','Jarosław Rola','Mateusz Wilczyński'),(1364,104,'SKARBY','„Co to znaczy okazywać chrześcijańską miłość” ',10,'','2019-01-04 10:05:10','2019-05-21 08:44:48','--',''),(1365,104,'SKARBY','Wyszukujemy duchowe skarby',8,'','2019-01-04 10:05:10','2019-05-21 08:44:48','--',''),(1366,104,'SKARBY','Rz 13:1-14 (th lekcja 10)',4,'','2019-01-04 10:05:10','2019-05-21 08:44:48','--',''),(1367,104,'SŁUŻBA','Ulepszaj umiejętność czytania i nauczania ',10,'Omówienie z udziałem obecnych. Odtwórz film Posługiwanie się pytaniami i omów lekcję 3 z broszury.','2019-01-04 10:05:10','2019-05-21 08:44:48','--',''),(1368,104,'SŁUŻBA','Przemówienie ',5,'w11 1.9 ss. 21, 22. Temat: Dlaczego chrześcijanie powinni płacić podatki, nawet jeśli są one wykorzystywane na niebiblijne cele? (th lekcja 3)','2019-01-04 10:05:10','2019-05-21 08:44:48','--',''),(1369,104,'ŻYCIE','Potrzeby zboru ',15,'','2019-01-04 10:05:10','2019-05-21 08:44:48','--',''),(1370,104,'ŻYCIE','Zborowe studium Biblii ',30,'jy rozdz. 57','2019-01-04 10:05:10','2019-05-21 08:44:48','--','--'),(1371,105,'SKARBY','„Jehowa cię pocieszy i pomoże ci wytrwać” ',10,'','2019-01-04 10:05:38','2019-05-21 08:44:48','Tomasz Stębnowski',''),(1372,105,'SKARBY','Wyszukujemy duchowe skarby',8,'','2019-01-04 10:05:38','2019-05-21 08:44:48','Maciej Fopp',''),(1373,105,'SKARBY','Rz 15:1-16 (th lekcja 10)',4,'','2019-01-04 10:05:38','2019-05-21 08:44:48','Jerzy Pakuła',''),(1374,105,'SŁUŻBA','Pierwsza rozmowa — film ',4,'Po odtworzeniu filmu omówcie go.','2019-01-04 10:05:38','2019-05-21 08:44:48','Dawid Richter',''),(1375,105,'SŁUŻBA','Pierwsza rozmowa ',2,'Skorzystaj ze schematu rozmowy. (th lekcja 3)','2019-01-04 10:05:38','2019-05-21 08:44:48','Sadowska Barbara','Łyszcz Mariola'),(1376,105,'SŁUŻBA','Pierwsza rozmowa ',3,'Skorzystaj ze schematu rozmowy. Odpowiedz na zarzut często spotykany na twoim terenie. (th lekcja 10)','2019-01-04 10:05:38','2019-05-21 08:44:48','Katarzyna Stasiak-Turlejska','Irena Kacprzak'),(1377,105,'SŁUŻBA','Pierwsza rozmowa ',3,'Skorzystaj ze schematu rozmowy. Odpowiedz na zarzut często spotykany na twoim terenie. (th lekcja 11)','2019-01-04 10:05:38','2019-05-21 08:44:48','Jagoda Śliwińska','Magdalena Dąbrowska'),(1378,105,'ŻYCIE','Jak Jehowa „udziela wytrwałości i pociechy” ',15,'Odtwórz film. Następnie zadaj pytania: Czego się nauczyłeś o otrzymywaniu pocieszenia? Czego się nauczyłeś o udzielaniu pocieszenia?','2019-01-04 10:05:38','2019-05-21 08:44:48','Artur Żbikowski',''),(1379,105,'ŻYCIE','Zborowe studium Biblii ',30,'jy rozdz. 58','2019-01-04 10:05:38','2019-05-21 08:44:48','Marek Wilczyński','Wojciech Przywecki'),(1380,106,'SKARBY','„Jesteś człowiekiem cielesnym czy duchowym?” ',10,'','2019-01-04 10:06:15','2019-05-21 08:44:48','Jarosław Rola',''),(1381,106,'SKARBY','Wyszukujemy duchowe skarby',8,'','2019-01-04 10:06:15','2019-05-21 08:44:48','Andrzej Wójcik',''),(1382,106,'SKARBY','1Ko 1:1-17 (th lekcja 10)',4,'','2019-01-04 10:06:15','2019-05-21 08:44:48','Tomasz Szulc',''),(1383,106,'SŁUŻBA','Pierwsze odwiedziny — film ',5,'Po odtworzeniu filmu omówcie go.','2019-01-04 10:06:15','2019-05-21 08:44:48','Andrzej Sadowski',''),(1384,106,'SŁUŻBA','Pierwsze odwiedziny ',3,'Skorzystaj ze schematu rozmowy. (th lekcja 3)','2019-01-04 10:06:15','2019-05-21 08:44:48','Henryka Kukulska','Izabela Ściborowska'),(1385,106,'SŁUŻBA','Pierwsze odwiedziny ',4,'Skorzystaj ze schematu rozmowy. Wprowadź książkę Czego uczy Biblia. (th lekcja 11)','2019-01-04 10:06:15','2019-05-21 08:44:48','Eliza Kostun','Małgorzata Jaskulska'),(1386,106,'ŻYCIE','„Podnośmy jakość swojej służby: Pisanie listów” ',8,'Omówienie z udziałem obecnych.','2019-01-04 10:06:15','2019-05-21 08:44:48','Tomasz Stębnowski',''),(1387,106,'ŻYCIE','Kampania zapraszania na Pamiątkę rozpocznie się 23 marca ',7,'Punkt ten przeprowadzi nadzorca służby. Rozdaj wszystkim po jednym zaproszeniu na Pamiątkę i omów jego treść. Obejrzyjcie i omówcie film pokazujący, jak proponować zaproszenie. Podaj ustaleni','2019-01-04 10:06:15','2019-05-21 08:44:48','Dawid Richter',''),(1388,106,'ŻYCIE','Zborowe studium Biblii ',30,'jy rozdz. 59','2019-01-04 10:06:15','2019-05-21 08:44:48','Artur Żbikowski','Mateusz Wilczyński'),(1397,107,'SKARBY','„Trochę zakwasu zakwasza całe ciasto” ',10,'','2019-02-15 08:07:20','2019-05-21 08:44:48','Andrzej Sadowski',''),(1398,107,'SKARBY','Wyszukujemy duchowe skarby',8,'','2019-02-15 08:07:20','2019-05-21 08:44:48','Marek Wilczyński',''),(1399,107,'SKARBY','1Ko 6:1-14 (th lekcja 10)',4,'','2019-02-15 08:07:20','2019-05-21 08:44:48','Wiesław Pająk',''),(1400,107,'SŁUŻBA','Drugie odwiedziny — film ',5,'Po odtworzeniu filmu omówcie go.','2019-02-15 08:07:20','2019-05-21 08:44:48','Artur Żbikowski',''),(1401,107,'SŁUŻBA','Drugie odwiedziny ',3,'Skorzystaj ze schematu rozmowy. (th lekcja 11)','2019-02-15 08:07:20','2019-05-21 08:44:48','Milena Richter','Sylwia Rola'),(1402,107,'SŁUŻBA','Studium biblijne ',5,'lv ss. 34, 35, ak. 19-21 (th lekcja 3)','2019-02-15 08:07:20','2019-05-21 08:44:48','Anna Matuszczak','Małgorzata Żbikowska'),(1403,107,'ŻYCIE','„Podczas studium Biblii posługuj się filmami” ',15,'Omówienie z udziałem obecnych. Obejrzyjcie i omówcie film pokazujący, jak głosicielka posługuje się filmem do lekcji 4 z broszury Bóg ma dobrą nowinę.','2019-02-15 08:07:20','2019-05-21 08:44:48','Jarosław Rola',''),(1404,107,'ŻYCIE','Zborowe studium Biblii ',30,'jy rozdz. 60','2019-02-15 08:07:20','2019-05-21 08:44:48','Tomasz Stębnowski','Andrzej Wójcik'),(1405,108,'SKARBY','„Korzyści ze stanu wolnego” ',10,'','2019-02-15 08:07:43','2019-05-21 08:44:48','Artur Żbikowski',''),(1406,108,'SKARBY','Wyszukujemy duchowe skarby',8,'','2019-02-15 08:07:43','2019-05-21 08:44:48','Mateusz Wilczyński',''),(1407,108,'SKARBY','1Ko 8:1-13 (th lekcja 5)',4,'','2019-02-15 08:07:43','2019-05-21 08:44:48','Ryszard Hańka',''),(1408,108,'SŁUŻBA','Ulepszaj umiejętność czytania i nauczania ',10,'Omówienie z udziałem obecnych. Odtwórz film Właściwe wprowadzanie wersetów biblijnych i omów lekcję 4 z broszury.','2019-02-15 08:07:43','2019-05-21 08:44:48','Jarosław Rola',''),(1409,108,'SŁUŻBA','Przemówienie ',5,'w12 15.11 s. 20. Temat: Czy ci, którzy decydują się pozostać w stanie wolnym, otrzymali ten dar w jakiś cudowny sposób? (th lekcja 12)','2019-02-15 08:07:43','2019-05-21 08:44:48','Piotr Jaskulski',''),(1410,108,'ŻYCIE','Dobry użytek ze stanu wolnego ',15,'Odtwórz film. Następnie zadaj pytania: Z jakimi wyzwaniami spotyka się wielu chrześcijan w stanie wolnym? (1Ko 7:39). Jaki przykład dała córka Jeftego? Co Jehowa obiecuje tym, którzy postępuj','2019-02-15 08:07:43','2019-05-21 08:44:48','Andrzej Sadowski',''),(1411,108,'ŻYCIE','Zborowe studium Biblii ',30,'jy rozdz. 61','2019-02-15 08:07:43','2019-05-21 08:44:48','Maciej Fopp','Tomasz Stębnowski'),(1422,109,'SKARBY','„Jehowa jest wierny” ',10,'','2019-04-01 06:12:46','2019-05-21 08:44:48','Jarosław Rola',''),(1423,109,'SKARBY','Wyszukujemy duchowe skarby',8,'','2019-04-01 06:12:46','2019-05-21 08:44:48','Tomasz Stębnowski',''),(1424,109,'SKARBY','1Ko 10:1-17 (th lekcja 5)',4,'','2019-04-01 06:12:46','2019-05-21 08:44:48','Piotr Piotrowski',''),(1425,109,'SŁUŻBA','Pierwsza rozmowa — film ',4,'Po odtworzeniu filmu omówcie go.','2019-04-01 06:12:46','2019-05-21 08:44:48','Maciej Fopp',''),(1426,109,'SŁUŻBA','Pierwsza rozmowa ',2,'Skorzystaj ze schematu rozmowy. (th lekcja 1)','2019-04-01 06:12:46','2019-05-21 08:44:48','Agnieszka Woźnicka','Małgorzata Jaskulska'),(1427,109,'SŁUŻBA','Pierwsza rozmowa ',3,'Skorzystaj ze schematu rozmowy. Odpowiedz na zarzut często spotykany na twoim terenie. (th lekcja 3)','2019-04-01 06:12:46','2019-05-21 08:44:48','Aleksandra Matuszczak','Sylwia Rola'),(1428,109,'SŁUŻBA','Pierwsza rozmowa ',3,'Skorzystaj ze schematu rozmowy. Wprowadź jedną z publikacji z naszych podstawowych narzędzi do nauczania. (th lekcja 6)','2019-04-01 06:12:46','2019-05-21 08:44:48','Magdalena Liwska','Jacek Liwski'),(1429,109,'ŻYCIE','„Te członki ciała ',10,'Odtwórz film.','2019-04-01 06:12:46','2019-05-21 08:44:48','Maciej Fopp',''),(1430,109,'ŻYCIE','„Jak się przygotujesz do Pamiątki?” ',5,'Przemówienie. Zachęć wszystkich, żeby okres Pamiątki wykorzystali na rozmyślanie nad jej znaczeniem oraz na rozwijanie wdzięczności za miłość Jehowy i Jezusa.','2019-04-01 06:12:46','2019-05-21 08:44:48','Artur Żbikowski',''),(1431,109,'ŻYCIE','Zborowe studium Biblii ',30,'jy rozdz. 62','2019-04-01 06:12:46','2019-05-21 08:44:48','--','--'),(1432,111,'SKARBY','„Bóg będzie ‚wszystkim dla każdego’” ',10,'','2019-04-01 06:13:46','2019-05-21 08:44:48','Maciej Fopp',''),(1433,111,'SKARBY','Wyszukujemy duchowe skarby',8,'','2019-04-01 06:13:46','2019-05-21 08:44:48','Andrzej Wójcik',''),(1434,111,'SKARBY','1Ko 14:20-40 (th lekcja 10)',4,'','2019-04-01 06:13:46','2019-05-21 08:44:48','Stanisław Grzęda',''),(1435,111,'SŁUŻBA','Pierwsze odwiedziny — film ',5,'Po odtworzeniu filmu omówcie go.','2019-04-01 06:13:46','2019-05-21 08:44:48','Jarosław Rola',''),(1436,111,'SŁUŻBA','Pierwsze odwiedziny ',3,'Skorzystaj ze schematu rozmowy. (th lekcja 3)','2019-04-01 06:13:46','2019-05-21 08:44:48','Magdalena Dąbrowska','Elżbieta Wilczyńska'),(1437,111,'SŁUŻBA','Pierwsze odwiedziny ',5,'Skorzystaj ze schematu rozmowy. Wprowadź i omów film Dlaczego warto studiować Biblię? (Podczas scenki nie odtwarzaj filmu). (th lekcja 9)','2019-04-01 06:13:46','2019-05-21 08:44:48','Bogumiła Szulc','Małgorzata Żbikowska'),(1438,111,'ŻYCIE','Potrzeby zboru ',15,'','2019-04-01 06:13:46','2019-05-21 08:44:48','Artur Żbikowski',''),(1439,111,'ŻYCIE','Zborowe studium Biblii ',30,'jy rozdz. 63','2019-04-01 06:13:46','2019-05-21 08:44:48','--','--'),(1440,112,'SKARBY','„Jehowa — ‚Bóg wszelkiego pocieszenia’” ',10,'','2019-04-01 06:14:05','2019-05-21 08:44:48','Tomasz Stębnowski',''),(1441,112,'SKARBY','Wyszukujemy duchowe skarby',8,'','2019-04-01 06:14:05','2019-05-21 08:44:48','Maciej Fopp',''),(1442,112,'SKARBY','2Ko 3:1-18 (th lekcja 10)',4,'','2019-04-01 06:14:05','2019-05-21 08:44:48','Zdzisław Brzeszczyński',''),(1443,112,'SŁUŻBA','Drugie odwiedziny — film ',5,'Po odtworzeniu filmu omówcie go.','2019-04-01 06:14:05','2019-05-21 08:44:48','Andrzej Sadowski',''),(1444,112,'SŁUŻBA','Drugie odwiedziny ',3,'Skorzystaj ze schematu rozmowy. (th lekcja 6)','2019-04-01 06:14:05','2019-05-21 08:44:48','Anna Michniewska','Anna Rząca'),(1445,112,'SŁUŻBA','Studium biblijne ',5,'bh ss. 47, 48, ak. 3, 4 (th lekcja 8)','2019-04-01 06:14:05','2019-05-21 08:44:48','Anna Pająk','Jagoda Hańka'),(1446,112,'ŻYCIE','„Korzystaj ze szkolenia od Jehowy” ',15,'Omówienie z udziałem obecnych. Odtwórz film Bogatsi duchowo dzięki szkoleniu od Jehowy.','2019-04-01 06:14:05','2019-05-21 08:44:48','Dawid Richter',''),(1447,112,'ŻYCIE','Zborowe studium Biblii ',30,'jy rozdz. 64','2019-04-01 06:14:05','2019-05-21 08:44:48','Marek Wilczyński','Jarosław Rola'),(1448,113,'SKARBY','„Nie poddajemy się” ',10,'','2019-04-09 10:44:15','2019-05-21 08:44:48','Artur Żbikowski',''),(1449,113,'SKARBY','Wyszukujemy duchowe skarby',8,'','2019-04-09 10:44:15','2019-05-21 08:44:48','Maciej Fopp',''),(1450,113,'SKARBY','2Ko 4:1-15 (th lekcja 12)',4,'','2019-04-09 10:44:15','2019-05-21 08:44:48','Tymoteusz Sadowski',''),(1451,113,'SŁUŻBA','Ulepszaj umiejętność czytania i nauczania ',10,'Omówienie z udziałem obecnych. Odtwórz film Staranne czytanie i omów lekcję 5 z broszury.','2019-04-09 10:44:15','2019-05-21 08:44:48','Dawid Richter',''),(1452,113,'SŁUŻBA','Przemówienie ',5,'w04 1.7 ss. 30, 31. Temat: Czy chrześcijanin powinien zabiegać o względy osoby będącej nieochrzczonym głosicielem? (th lekcja 7)','2019-04-09 10:44:15','2019-05-21 08:44:48','Marek Wilczyński',''),(1453,113,'ŻYCIE','Robię wszystko, co mogę ',8,'Odtwórz film. Następnie poproś obecnych, żeby odpowiedzieli na następujące pytania: Jak brat Foster w młodości służył Jehowie ze wszystkich sił? Jak jego sytuacja się zmieniła? Jak pomimo teg','2019-04-09 10:44:15','2019-05-21 08:44:48','Tomasz Stębnowski',''),(1454,113,'ŻYCIE','Potrzeby zboru ',7,'','2019-04-09 10:44:15','2019-05-21 08:44:48','Dawid Richter',''),(1455,113,'ŻYCIE','Zborowe studium Biblii ',30,'jy rozdz. 65','2019-04-09 10:44:15','2019-05-21 08:44:48','Jarosław Rola','Mateusz Wilczyński'),(1456,114,'SKARBY','„Akcje pomocy to rodzaj świętej służby” ',10,'','2019-04-09 10:44:34','2019-05-21 08:44:48','Andrzej Sadowski',''),(1457,114,'SKARBY','Wyszukujemy duchowe skarby',8,'','2019-04-09 10:44:34','2019-05-21 08:44:48','Marek Wilczyński',''),(1458,114,'SKARBY','2Ko 7:1-12 (th lekcja 12)',4,'','2019-04-09 10:44:34','2019-05-21 08:44:48','Filip Fopp',''),(1459,114,'SŁUŻBA','Pierwsza rozmowa — film ',4,'Po odtworzeniu filmu omówcie go.','2019-04-09 10:44:34','2019-05-21 08:44:48','Artur Żbikowski',''),(1460,114,'SŁUŻBA','Pierwsza rozmowa ',2,'Skorzystaj ze schematu rozmowy. (th lekcja 1)','2019-04-09 10:44:34','2019-05-21 08:44:48','Marta Ściborowska','Barbara Sadowska'),(1461,114,'SŁUŻBA','Pierwsza rozmowa ',3,'Skorzystaj ze schematu rozmowy. Pokaż, jak zareagować na próbę przerwania rozmowy. (th lekcja 2)','2019-04-09 10:44:34','2019-05-21 08:44:48','Mateusz Wilczyński','Elżbieta Wilczyńska'),(1462,114,'SŁUŻBA','Pierwsza rozmowa ',3,'Skorzystaj ze schematu rozmowy. Pokaż, jak zareagować na próbę przerwania rozmowy. (th lekcja 4)','2019-04-09 10:44:34','2019-05-21 08:44:48','Jakub Jaskulski','Małgorzata Jaskulska'),(1463,114,'ŻYCIE','„Akcja niesienia pomocy naszym współwyznawcom na Karaibach” ',15,'Omówienie z udziałem obecnych. Odtwórz film Miłość w działaniu — akcja niesienia pomocy na wyspach.','2019-04-09 10:44:34','2019-05-21 08:44:48','Jarosław Rola',''),(1464,114,'ŻYCIE','Zborowe studium Biblii ',30,'jy rozdz. 66','2019-04-09 10:44:34','2019-05-21 08:44:48','Maciej Fopp','Andrzej Sadowski'),(1465,115,'SKARBY','„‛Cierń w ciele’ Pawła” ',10,'','2019-04-09 10:44:56','2019-05-21 08:44:48','Andrzej Wójcik',''),(1466,115,'SKARBY','Wyszukujemy duchowe skarby',8,'','2019-04-09 10:44:56','2019-05-21 08:44:48','Jarosław Rola',''),(1467,115,'SKARBY','2Ko 11:1-15 (th lekcja 5)',4,'','2019-04-09 10:44:56','2019-05-21 08:44:48','Andrzej Kozłowski',''),(1468,115,'SŁUŻBA','Pierwsze odwiedziny — film ',5,'Po odtworzeniu filmu omówcie go.','2019-04-09 10:44:56','2019-05-21 08:44:48','Maciej Fopp',''),(1469,115,'SŁUŻBA','Pierwsze odwiedziny ',3,'Skorzystaj ze schematu rozmowy. (th lekcja 2)','2019-04-09 10:44:56','2019-05-21 08:44:48','Izabela Ściborowska','Małgorzata Żbikowska'),(1470,115,'SŁUŻBA','Pierwsze odwiedziny ',4,'Skorzystaj ze schematu rozmowy i wprowadź książkę Czego nas uczy Biblia? (th lekcja 4)','2019-04-09 10:44:56','2019-05-21 08:44:48','Jacek Liwski','Rafał Matuszczak'),(1471,115,'ŻYCIE','„Możesz zwyciężyć pomimo ‛ciernia w ciele’!” ',15,'Omówienie z udziałem obecnych. Odtwórz film „Otworzą się oczy ślepych”. Poinformuj obecnych, że publikacje dla niewidomych i niedowidzących, dostępne pismem brajla albo w innych wersjach, uka','2019-04-09 10:44:56','2019-05-21 08:44:48','Marek Wilczyński',''),(1472,115,'ŻYCIE','Zborowe studium Biblii ',30,'jy rozdz. 67','2019-04-09 10:44:56','2019-05-21 08:49:09','Artur Żbikowski','Jarosław Rola'),(1473,116,'SKARBY','„Otwarcie mu się przeciwstawiłem” ',10,'','2019-04-09 10:45:09','2019-05-21 08:44:49','Artur Żbikowski',''),(1474,116,'SKARBY','Wyszukujemy duchowe skarby',8,'','2019-04-09 10:45:09','2019-05-21 08:44:49','Mateusz Wilczyński',''),(1475,116,'SKARBY','Gal 2:11-21 (th lekcja 10)',4,'','2019-04-09 10:45:09','2019-05-21 08:44:49','Adrian Siporski',''),(1476,116,'SŁUŻBA','Drugie odwiedziny — film ',5,'Po odtworzeniu filmu omówcie go.','2019-04-09 10:45:09','2019-05-21 08:44:49','Jarosław Rola',''),(1477,116,'SŁUŻBA','Drugie odwiedziny ',3,'Skorzystaj ze schematu rozmowy. (th lekcja 2)','2019-04-09 10:45:09','2019-05-21 08:44:49','Aleksandra Wójcik','Anna Piotrowska'),(1478,116,'SŁUŻBA','Studium biblijne ',5,'bhs s. 202, ak. 18, 19 (th lekcja 6)','2019-04-09 10:45:09','2019-05-21 08:44:49','Karolina Polańska','Jagoda Hańka'),(1479,116,'ŻYCIE','„Jak możemy dbać o nasze miejsca wielbienia Boga” ',15,'Omówienie z udziałem obecnych. Punkt ten przeprowadzi starszy. Po odtworzeniu filmu Dbanie o nasze miejsca wielbienia Boga i rozważeniu pytań przeprowadź krótki wywiad z bratem z waszego zbor','2019-04-09 10:45:09','2019-05-21 08:44:49','Dawid Richter',''),(1480,116,'ŻYCIE','Zborowe studium Biblii ',30,'jy rozdz. 68','2019-04-09 10:45:09','2019-05-21 08:44:49','Andrzej Sadowski','Tomasz Stębnowski'),(1481,117,'SKARBY','„Symbole, które mają dla nas znaczenie” ',10,'','2019-04-09 10:45:24','2019-06-01 20:43:52','Jarosław Rola',''),(1482,117,'SKARBY','Wyszukujemy duchowe skarby',8,'','2019-04-09 10:45:24','2019-06-01 20:43:52','Tomasz Stębnowski',''),(1483,117,'SKARBY','Gal 4:1-20 (th lekcja 10)',4,'','2019-04-09 10:45:24','2019-06-01 20:43:52','Ryszard Moderewicz',''),(1484,117,'SŁUŻBA','Ulepszaj umiejętność czytania i nauczania ',10,'Omówienie z udziałem obecnych. Odtwórz film Zrozumiałe objaśnianie wersetów biblijnych i omów lekcję 6 z broszury.','2019-04-09 10:45:24','2019-06-01 20:43:52','Andrzej Sadowski',''),(1485,117,'SŁUŻBA','Przemówienie ',5,'w12 15.3 ss. 30, 31. Temat: Dlaczego chrześcijanie powinni zdecydowanie wystrzegać się pornografii? (th lekcja 13)','2019-04-09 10:45:24','2019-06-01 20:43:52','Rafał Matuszczak',''),(1486,117,'ŻYCIE','Potrzeby zboru ',8,'','2019-04-09 10:45:24','2019-06-01 20:43:52','Andrzej Sadowski',''),(1487,117,'ŻYCIE','Osiągnięcia organizacji ',7,'Odtwórz film z serii Osiągnięcia organizacji przewidziany na czerwiec.','2019-04-09 10:45:24','2019-06-01 20:43:52','Andrzej Sadowski',''),(1488,117,'ŻYCIE','Zborowe studium Biblii ',30,'jy rozdz. 69','2019-04-09 10:45:24','2019-06-01 20:43:52','Dawid Richter','Mateusz Wilczyński'),(1489,118,'SKARBY','„System zarządzania Jehowy” ',10,'','2019-04-09 10:45:37','2019-06-01 20:43:52','Andrzej Sadowski',''),(1490,118,'SKARBY','Wyszukujemy duchowe skarby',8,'','2019-04-09 10:45:37','2019-06-01 20:43:52','Piotr Jaskulski',''),(1491,118,'SKARBY','Ef 1:1-14 (th lekcja 5)',4,'','2019-04-09 10:45:37','2019-06-01 20:43:52','Filip Sadowski',''),(1492,118,'SŁUŻBA','Pierwsza rozmowa — film ',4,'Po odtworzeniu filmu omówcie go.','2019-04-09 10:45:37','2019-06-01 20:43:52','Artur Żbikowski',''),(1493,118,'SŁUŻBA','Pierwsza rozmowa ',2,'Skorzystaj ze schematu rozmowy. (th lekcja 1)','2019-04-09 10:45:37','2019-06-01 20:43:52','Marta Siporska','Marta Ściborowska'),(1494,118,'SŁUŻBA','Pierwsza rozmowa ',3,'Skorzystaj ze schematu rozmowy. Pokaż, jak zareagować na próbę przerwania rozmowy. (th lekcja 3)','2019-04-09 10:45:37','2019-06-01 20:43:52','Marcin Polański','Wiesław Pająk'),(1495,118,'SŁUŻBA','Pierwsza rozmowa ',3,'Skorzystaj ze schematu rozmowy. Wprowadź którąś publikację z podstawowych narzędzi do nauczania. (th lekcja 9)','2019-04-09 10:45:37','2019-06-01 20:43:52','Adam Wójcik','Lidia Wójcik'),(1496,118,'ŻYCIE','„Twoje studium osobiste może być jeszcze bardziej owocne” ',15,'Omówienie z udziałem obecnych. Odtwórz film Trzymaj się „mocnym uchwytem” — przez owocne studium osobiste.','2019-04-09 10:45:37','2019-06-01 20:43:52','Tomasz Stębnowski',''),(1497,118,'ŻYCIE','Zborowe studium Biblii ',30,'jy rozdz. 70','2019-04-09 10:45:37','2019-06-01 20:43:52','Marek Wilczyński','Maciej Fopp'),(1498,119,'SKARBY','„Nałóżcie całą zbroję od Boga” ',10,'','2019-04-09 10:45:53','2019-06-12 08:30:49','Tomasz Stębnowski',''),(1499,119,'SKARBY','Wyszukujemy duchowe skarby',8,'','2019-04-09 10:45:53','2019-06-12 08:30:49','Maciej Fopp',''),(1500,119,'SKARBY','Ef 4:17-32 (th lekcja 10)',4,'','2019-04-09 10:45:53','2019-06-12 08:30:49','Ryszard Hańka',''),(1501,119,'SŁUŻBA','Pierwsze odwiedziny — film ',5,'Po odtworzeniu filmu omówcie go.','2019-04-09 10:45:53','2019-06-12 08:30:50','Andrzej Michalski',''),(1502,119,'SŁUŻBA','Pierwsze odwiedziny ',3,'Skorzystaj ze schematu rozmowy. (th lekcja 6)','2019-04-09 10:45:53','2019-06-12 08:30:50','Anna Fopp','Małgorzata Żbikowska'),(1503,119,'SŁUŻBA','Pierwsze odwiedziny ',5,'Skorzystaj ze schematu rozmowy. Wprowadź i omów film Dlaczego warto studiować Biblię? (Podczas scenki nie odtwarzaj filmu). (th lekcja 8)','2019-04-09 10:45:53','2019-06-12 08:30:50','Piotr Piotrowski','Adrian Siporski'),(1504,119,'ŻYCIE','„Co myśli o tym Jehowa?” ',15,'Omówienie z udziałem obecnych. Odtwórz film Stale sobie uświadamiaj, co jest wolą Jehowy (Kpł 19:18).','2019-04-09 10:45:53','2019-06-12 08:30:50','Andrzej Wójcik',''),(1505,119,'ŻYCIE','Zborowe studium Biblii ',30,'jy rozdz. 71','2019-04-09 10:45:53','2019-06-12 08:30:50','Andrzej Sadowski','Mateusz Wilczyński'),(1506,120,'SKARBY','„O nic się nie zamartwiajcie” ',10,'','2019-04-09 10:46:04','2019-06-01 20:43:52','Marek Wilczyński',''),(1507,120,'SKARBY','Wyszukujemy duchowe skarby',8,'','2019-04-09 10:46:04','2019-06-01 20:43:52','Mateusz Wilczyński',''),(1508,120,'SKARBY','Flp 4:10-23 (th lekcja 5)',4,'','2019-04-09 10:46:04','2019-06-01 20:43:52','Oliwier Kostun',''),(1509,120,'SŁUŻBA','Drugie odwiedziny — film ',5,'Po odtworzeniu filmu omówcie go.','2019-04-09 10:46:04','2019-06-01 20:43:52','Maciej Fopp',''),(1510,120,'SŁUŻBA','Drugie odwiedziny ',3,'Skorzystaj ze schematu rozmowy. (th lekcja 4)','2019-04-09 10:46:04','2019-06-01 20:43:53','Andrzej Wójcik','Tomasz Stębnowski'),(1511,120,'SŁUŻBA','Studium biblijne ',5,'fg lekcja 6, ak. 3, 4 (th lekcja 8)','2019-04-09 10:46:04','2019-06-01 20:43:53','Michał Żbikowski','Andrzej Kozłowski'),(1512,120,'ŻYCIE','Kto tu rządzi — ty czy elektronika? ',5,'Odtwórz film. Następnie zadaj pytania: Pod jakimi względami urządzenia elektroniczne są przydatne? Jakie negatywne skutki przynosi uzależnienie od elektroniki? Jak możesz sprawdzić, czy nie j','2019-04-09 10:46:04','2019-06-01 20:43:53','Dawid Richter',''),(1513,120,'ŻYCIE','„Mądrze wybieraj rozrywkę” ',10,'Omówienie z udziałem obecnych. Odtwórz film Jaką rozrywkę wybrać?','2019-04-09 10:46:04','2019-06-01 20:43:53','Andrzej Sadowski',''),(1514,120,'ŻYCIE','Zborowe studium Biblii ',30,'jy rozdz. 72','2019-04-09 10:46:04','2019-06-01 20:43:53','Tomasz Stębnowski','Andrzej Wójcik'),(1515,121,'SKARBY','„Zrzućcie z siebie starą osobowość, a włóżcie nową” ',10,'','2019-05-21 07:46:22','2019-07-01 21:09:17','Andrzej Michalski',''),(1516,121,'SKARBY','Wyszukujemy duchowe skarby',8,'','2019-05-21 07:46:22','2019-07-01 21:09:17','Andrzej Wójcik',''),(1517,121,'SKARBY','Kol 1:1-20 (th lekcja 2)',4,'','2019-05-21 07:46:22','2019-07-01 21:09:17','Adrian Siporski',''),(1518,121,'SŁUŻBA','Ulepszaj umiejętność czytania i nauczania ',10,'Omówienie z udziałem obecnych. Odtwórz film Argumenty rzetelne i przekonujące i omów lekcję 7 z broszury.','2019-05-21 07:46:23','2019-07-01 21:09:17','Andrzej Sadowski',''),(1519,121,'SŁUŻBA','Przemówienie ',5,'w04 1.5 ss. 19, 20, ak. 3-7. Temat: Jak niektórzy chrześcijanie okazali się dla Pawła „krzepiącą pomocą”? (Kol 4:11, przypis). (th lekcja 7)','2019-05-21 07:46:23','2019-07-01 21:09:17','Szulc Tomasz',''),(1520,121,'ŻYCIE','Sprawozdanie Komitetu Nauczania za rok 2018 ',15,'Odtwórz film. Następnie zadaj pytania: Dlaczego podróżowanie jest nieodłączną częścią działalności naszej organizacji? Jak Dział Podróży w Biurze Głównym oszczędza środki ofiarowane na sprawy','2019-05-21 07:46:23','2019-07-01 21:09:17','Marek Wilczyński',''),(1521,121,'ŻYCIE','Zborowe studium Biblii ',30,'jy rozdz. 73','2019-05-21 07:46:23','2019-07-01 21:09:17','Maciej Fopp','Mateusz Wilczyński'),(1522,122,'SKARBY','„Jedni drugich zachęcajcie i jedni drugich budujcie” ',10,'','2019-05-21 07:46:43','2019-07-01 21:09:17','Dawid Richter',''),(1523,122,'SKARBY','Wyszukujemy duchowe skarby',8,'','2019-05-21 07:46:43','2019-07-01 21:09:17','Jarosław Rola',''),(1524,122,'SKARBY','1Ts 3:1-13 (th lekcja 5)',4,'','2019-05-21 07:46:43','2019-07-01 21:09:17','Jerzy Pakuła',''),(1525,122,'SŁUŻBA','Pierwsza rozmowa — film ',4,'Po odtworzeniu filmu omówcie go.','2019-05-21 07:46:43','2019-07-01 21:09:17','Maciej Fopp',''),(1526,122,'SŁUŻBA','Pierwsza rozmowa ',2,'Skorzystaj ze schematu rozmowy. (th lekcja 1)','2019-05-21 07:46:43','2019-07-01 21:09:17','Sylwia Pigul','Milena Richter'),(1527,122,'SŁUŻBA','Pierwsza rozmowa ',3,'Skorzystaj ze schematu rozmowy. Pokaż, jak zareagować na próbę przerwania rozmowy. (th lekcja 3)','2019-05-21 07:46:43','2019-07-01 21:09:17','Liwski Jacek','Rafał Matuszczak'),(1528,122,'SŁUŻBA','Pierwsza rozmowa ',3,'Skorzystaj ze schematu rozmowy. Pokaż, jak zareagować na próbę przerwania rozmowy. (th lekcja 4)','2019-05-21 07:46:43','2019-07-01 21:09:17','Małgorzata Jaskulska','Anna Stębnowska'),(1529,122,'ŻYCIE','Pionierzy zachęcają innych ',9,'Odtwórz film Pionierzy mogą wiele zdziałać. Następnie zadaj pytania: Jak pionierzy mogą zachęcać innych? Jak pionierzy w twoim zborze zachęcili ciebie?','2019-05-21 07:46:43','2019-07-01 21:09:17','Andrzej Michalski',''),(1530,122,'ŻYCIE','Przykłady, które nas zachęcają ',6,'Odtwórz film Musimy ‛biec wytrwale’ — Naśladujmy dobre wzorce. Następnie zadaj pytania: Jaki problem miała pewna siostra? Dzięki czemu otrzymała zachęty?','2019-05-21 07:46:43','2019-07-01 21:09:17','Andrzej Wójcik',''),(1531,122,'ŻYCIE','Zborowe studium Biblii ',30,'jy rozdz. 74','2019-05-21 07:46:43','2019-07-01 21:09:17','Marek Wilczyński','Tomasz Stębnowski'),(1532,123,'SKARBY','„Ujawnia się ‚człowiek bezprawia’” ',10,'','2019-05-21 07:47:05','2019-07-01 21:09:17','Maciej Fopp',''),(1533,123,'SKARBY','Wyszukujemy duchowe skarby',8,'','2019-05-21 07:47:05','2019-07-01 21:09:17','Andrzej Sadowski',''),(1534,123,'SKARBY','2Ts 1:1-12 (th lekcja 10)',4,'','2019-05-21 07:47:05','2019-07-01 21:09:17','Sylwester Kacprzak',''),(1535,123,'SŁUŻBA','Pierwsze odwiedziny — film ',5,'Po odtworzeniu filmu omówcie go.','2019-05-21 07:47:05','2019-07-01 21:09:17','Jarosław Rola',''),(1536,123,'SŁUŻBA','Pierwsze odwiedziny ',3,'Skorzystaj ze schematu rozmowy. (th lekcja 6)','2019-05-21 07:47:05','2019-07-01 21:09:17','Elżbieta Wilczyńska','Anna Fopp'),(1537,123,'SŁUŻBA','Pierwsze odwiedziny ',4,'Skorzystaj ze schematu rozmowy, a następnie wprowadź książkę Czego nas uczy Biblia? (th lekcja 12)','2019-05-21 07:47:05','2019-07-01 21:09:17','Aleksandra Matuszczak','Marta Siporska'),(1538,123,'ŻYCIE','Czy do twojej służby nie wkradła się rutyna? ',15,'Odtwórz film Jak ożywić służbę?','2019-05-21 07:47:05','2019-07-01 21:09:17','Tomasz Stębnowski',''),(1539,123,'ŻYCIE','Zborowe studium Biblii ',30,'jy rozdz. 75','2019-05-21 07:47:05','2019-07-01 21:09:17','Dawid Richter','Andrzej Wójcik'),(1593,124,'SKARBY','„Ubiegaj się o wspaniałą pracę” ',10,'','2019-05-21 07:52:34','2019-07-01 21:09:17','Andrzej Sadowski',''),(1594,124,'SKARBY','Wyszukujemy duchowe skarby',8,'','2019-05-21 07:52:34','2019-07-01 21:09:17','Marek Wilczyński',''),(1595,124,'SKARBY','1Tm 2:1-15 (th lekcja 10)',4,'','2019-05-21 07:52:34','2019-07-01 21:09:17','Jakub Jaskulski',''),(1596,124,'SŁUŻBA','Drugie odwiedziny — film ',5,'Po odtworzeniu filmu omówcie go.','2019-05-21 07:52:34','2019-07-01 21:09:17','Andrzej Michalski',''),(1597,124,'SŁUŻBA','Drugie odwiedziny ',3,'Skorzystaj ze schematu rozmowy. (th lekcja 2)','2019-05-21 07:52:34','2019-07-01 21:09:17','Łyszcz Mariola','Kostun Eliza'),(1598,124,'SŁUŻBA','Studium biblijne ',5,'lv s. 38, ak. 6, 7 (th lekcja 6)','2019-05-21 07:52:34','2019-07-01 21:09:17','Sylwia Rola','Anna Pająk'),(1599,124,'ŻYCIE','Młodzi pracujący w Warwick przynoszą chwałę Jehowie ',6,'Omówienie z udziałem obecnych. Odtwórz film. Następnie zadaj pytania: W jaki sposób młodzi bracia i siostry pomagali przy budowie Betel w Warwick i jakie odnieśli z tego korzyści? Jakie możli','2019-05-21 07:52:34','2019-07-01 21:09:17','Maciej Fopp',''),(1600,124,'ŻYCIE','„Czego możesz się od nich nauczyć?” ',9,'Omówienie z udziałem obecnych. Odtwórz film Szanuj doświadczonych.','2019-05-21 07:52:34','2019-07-01 21:09:17','Dawid Richter',''),(1601,124,'ŻYCIE','Zborowe studium Biblii ',30,'jy rozdz. 76','2019-05-21 07:52:34','2019-07-01 21:09:17','Tomasz Stębnowski','Jarosław Rola'),(1602,125,'SKARBY','„Oddanie dla Boga a bogactwo” ',10,'','2019-05-21 07:53:42','2019-07-01 21:09:17','Jarosław Rola',''),(1603,125,'SKARBY','Wyszukujemy duchowe skarby',8,'','2019-05-21 07:53:42','2019-07-01 21:09:17','Maciej Fopp',''),(1604,125,'SKARBY','1Tm 4:1-16 (th lekcja 5)',4,'','2019-05-21 07:53:42','2019-07-01 21:09:17','Piotr Jaskulski',''),(1605,125,'SŁUŻBA','Drugie odwiedziny ',3,'Skorzystaj ze schematu rozmowy. Zaproś rozmówcę na zebranie. (th lekcja 11)','2019-05-21 07:53:42','2019-07-01 21:09:17','Artur Żbikowski',''),(1606,125,'SŁUŻBA','Studium biblijne ',4,'lv s. 181, ak. 20, 21 (th lekcja 3)','2019-05-21 07:53:42','2019-07-01 21:09:17','Małgorzata Żbikowska','Irena Kacprzak'),(1607,125,'SŁUŻBA','Studium biblijne ',5,'Taktownie przerwij studium biblijne z osobą, która nie robi postępów. (Zobacz mwb19.02 s. 7). (th lekcja 12)','2019-05-21 07:53:42','2019-07-01 21:09:17','Agnieszka Woźnicka','Mariola Łyszcz'),(1608,125,'ŻYCIE','Wysoka cena materializmu ',7,'Odtwórz film Musimy ‛biec wytrwale’ — Odrzucajmy niepotrzebne ciężary, a następnie omów z udziałem obecnych, czego można się z tego nauczyć.','2019-05-21 07:53:42','2019-07-01 21:09:17','Dawid Richter',''),(1609,125,'ŻYCIE','„Oddanie dla Boga a trening fizyczny” ',8,'Omówienie z udziałem obecnych. Odtwórz animację na tablicy Co powinieneś wiedzieć o sporcie.','2019-05-21 07:53:42','2019-07-01 21:09:17','Andrzej Michalski',''),(1610,125,'ŻYCIE','Zborowe studium Biblii ',30,'jy rozdz. 77','2019-05-21 07:53:42','2019-07-01 21:09:17','Andrzej Sadowski','Michał Żbikowski'),(1611,126,'SKARBY','„Bóg nie dał nam ducha tchórzostwa” ',10,'','2019-08-13 15:47:54','2019-08-13 15:51:14','--',''),(1612,126,'SKARBY','Wyszukujemy duchowe skarby',8,'','2019-08-13 15:47:54','2019-08-13 15:51:14','--',''),(1613,126,'SKARBY','2Tm 1:1-18 (th lekcja 10)',4,'','2019-08-13 15:47:54','2019-08-13 15:51:14','--',''),(1614,126,'SŁUŻBA','Ulepszaj umiejętność czytania i nauczania ',10,'Omówienie z udziałem obecnych. Odtwórz film Pouczające przykłady i omów lekcję 8 z broszury.','2019-08-13 15:47:54','2019-08-13 15:51:14','--',''),(1615,126,'SŁUŻBA','Przemówienie ',5,'w14 15.7 s. 13, ak. 3-7. Temat: Jak słudzy Jehowy ‛wyrzekają się nieprawości’? (th lekcja 7)','2019-08-13 15:47:54','2019-08-13 15:51:14','--',''),(1616,126,'ŻYCIE','„Spędzaj czas z tymi, którzy kochają Jehowę” ',15,'Omówienie z udziałem obecnych. Odtwórz film Ucz się wystrzegać złego towarzystwa.','2019-08-13 15:47:54','2019-08-13 15:51:14','--',''),(1617,126,'ŻYCIE','Zborowe studium Biblii ',30,'jy rozdz. 78','2019-08-13 15:47:54','2019-08-13 15:51:14','--','--'),(1618,127,'SKARBY','‛Mianuj starszych’ ',10,'','2019-08-13 15:48:38','2019-08-13 15:51:15','Artur Żbikowski',''),(1619,127,'SKARBY','Wyszukujemy duchowe skarby',8,'','2019-08-13 15:48:38','2019-08-13 15:51:15','Andrzej Wójcik',''),(1620,127,'SKARBY','Tyt 3:1-15 (th lekcja 5)',4,'','2019-08-13 15:48:38','2019-08-13 15:51:15','Wiesław Pająk',''),(1621,127,'SŁUŻBA','Pierwsza rozmowa — film ',4,'Po odtworzeniu filmu omówcie go.','2019-08-13 15:48:38','2019-08-13 15:51:15','Andrzej Sadowski',''),(1622,127,'SŁUŻBA','Pierwsza rozmowa ',2,'Skorzystaj ze schematu rozmowy. (th lekcja 3)','2019-08-13 15:48:38','2019-08-13 15:51:15','Iwona Michalska','Sylwia Pigul'),(1623,127,'SŁUŻBA','Pierwsza rozmowa ',3,'Skorzystaj ze schematu rozmowy. Pokaż, jak zareagować na próbę przerwania rozmowy. (th lekcja 12)','2019-08-13 15:48:38','2019-08-13 15:51:15','Izabela Ściborowska','Marta Ściborowska'),(1624,127,'SŁUŻBA','Pierwsza rozmowa ',3,'Skorzystaj ze schematu rozmowy. Wręcz wizytówkę jw.org. (th lekcja 11)','2019-08-13 15:48:38','2019-08-13 15:51:15','Henryka Kukulska','Lidia Wójcik'),(1625,127,'ŻYCIE','„Młodzi, bądźcie ‛gorliwi w szlachetnych uczynkach’” ',15,'Omówienie z udziałem obecnych. Odtwórz film Młodzi ludzie przysparzający chwały Jehowie.','2019-08-13 15:48:38','2019-08-13 15:51:15','Tomasz Stębnowski',''),(1626,127,'ŻYCIE','Zborowe studium Biblii ',30,'jy rozdz. 79','2019-08-13 15:48:38','2019-08-13 15:51:15','Maciej Fopp','Mateusz Wilczyński'),(1627,128,'SKARBY','„Kochaj prawość, a nienawidź tego, co nieprawe” ',10,'','2019-08-13 15:49:21','2019-08-13 15:51:15','Tomasz Stębnowski',''),(1628,128,'SKARBY','Wyszukujemy duchowe skarby',8,'','2019-08-13 15:49:21','2019-08-13 15:51:15','Andrzej Michalski',''),(1629,128,'SKARBY','Heb 1:1-14 (th lekcja 10)',4,'','2019-08-13 15:49:21','2019-08-13 15:51:15','Filip Fopp',''),(1630,128,'SŁUŻBA','Pierwsze odwiedziny — film ',5,'Po odtworzeniu filmu omówcie go.','2019-08-13 15:49:21','2019-08-13 15:51:15','Maciej Fopp',''),(1631,128,'SŁUŻBA','Pierwsze odwiedziny ',3,'Skorzystaj ze schematu rozmowy. (th lekcja 4)','2019-08-13 15:49:21','2019-08-13 15:51:15','Jadwiga Śliwińska','Aleksandra Wójcik'),(1632,128,'SŁUŻBA','Pierwsze odwiedziny ',5,'Skorzystaj ze schematu rozmowy. Wręcz zaproszenie na zebranie i wprowadź film Co się dzieje w Sali Królestwa? (Podczas scenki nie odtwarzaj filmu). (th lekcja 11)','2019-08-13 15:49:21','2019-08-13 15:51:15','Magdalena Liwska','Anna Piotrowska'),(1633,128,'ŻYCIE','Potrzeby zboru ',15,'','2019-08-13 15:49:21','2019-08-13 15:51:15','Andrzej Michalski',''),(1634,128,'ŻYCIE','Zborowe studium Biblii ',30,'jy rozdz. 80','2019-08-13 15:49:21','2019-08-13 15:51:15','Marek Wilczyński','Michał Żbikowski'),(1635,129,'SKARBY','„Róbmy wszystko, co możemy, żeby zaznawać odpoczynku razem z Bogiem” ',10,'','2019-08-13 15:49:52','2019-08-13 15:51:15','Dawid Richter',''),(1636,129,'SKARBY','Wyszukujemy duchowe skarby',8,'','2019-08-13 15:49:52','2019-08-13 15:51:15','Tomasz Stębnowski',''),(1637,129,'SKARBY','Heb 5:1-14 (th lekcja 5)',4,'','2019-08-13 15:49:52','2019-08-13 15:51:15','Andrzej Kozłowski',''),(1638,129,'SŁUŻBA','Drugie odwiedziny — film ',5,'Po odtworzeniu filmu omówcie go.','2019-08-13 15:49:52','2019-08-13 15:51:15','Artur Żbikowski',''),(1639,129,'SŁUŻBA','Drugie odwiedziny ',3,'Skorzystaj ze schematu rozmowy. (th lekcja 6)','2019-08-13 15:49:52','2019-08-13 15:51:15','Bogumiła Szulc','Milena Richter'),(1640,129,'SŁUŻBA','Studium biblijne ',5,'lv ss. 198, 199, ak. 7, 8 (th lekcja 12)','2019-08-13 15:49:52','2019-08-13 15:51:15','Mateusz Wilczyński','Tymoteusz Sadowski'),(1641,129,'ŻYCIE','„Dobre uczynki, które nie będą zapomniane” ',15,'Omówienie z udziałem obecnych. Odtwórz film Czy chciałbyś usługiwać w Betel?','2019-08-13 15:49:52','2019-08-13 15:51:15','Andrzej Wójcik',''),(1642,129,'ŻYCIE','Zborowe studium Biblii ',30,'jy rozdz. 81','2019-08-13 15:49:52','2019-08-13 15:51:15','Andrzej Michalski','Andrzej Sadowski');
/*!40000 ALTER TABLE `punkty` ENABLE KEYS */;
UNLOCK TABLES;

--
-- Table structure for table `role_user`
--

DROP TABLE IF EXISTS `role_user`;
/*!40101 SET @saved_cs_client     = @@character_set_client */;
/*!40101 SET character_set_client = utf8 */;
CREATE TABLE `role_user` (
  `role_id` int(10) unsigned NOT NULL,
  `user_id` int(10) unsigned NOT NULL,
  PRIMARY KEY (`role_id`,`user_id`),
  KEY `role_user_user_id_foreign` (`user_id`),
  CONSTRAINT `role_user_role_id_foreign` FOREIGN KEY (`role_id`) REFERENCES `roles` (`id`) ON DELETE CASCADE,
  CONSTRAINT `role_user_user_id_foreign` FOREIGN KEY (`user_id`) REFERENCES `users` (`id`) ON DELETE CASCADE
) ENGINE=InnoDB DEFAULT CHARSET=utf8mb4 COLLATE=utf8mb4_unicode_ci;
/*!40101 SET character_set_client = @saved_cs_client */;

--
-- Dumping data for table `role_user`
--

LOCK TABLES `role_user` WRITE;
/*!40000 ALTER TABLE `role_user` DISABLE KEYS */;
/*!40000 ALTER TABLE `role_user` ENABLE KEYS */;
UNLOCK TABLES;

--
-- Table structure for table `roles`
--

DROP TABLE IF EXISTS `roles`;
/*!40101 SET @saved_cs_client     = @@character_set_client */;
/*!40101 SET character_set_client = utf8 */;
CREATE TABLE `roles` (
  `id` int(10) unsigned NOT NULL AUTO_INCREMENT,
  `name` varchar(191) COLLATE utf8mb4_unicode_ci NOT NULL,
  `label` varchar(191) COLLATE utf8mb4_unicode_ci DEFAULT NULL,
  `created_at` timestamp NULL DEFAULT NULL,
  `updated_at` timestamp NULL DEFAULT NULL,
  PRIMARY KEY (`id`)
) ENGINE=InnoDB DEFAULT CHARSET=utf8mb4 COLLATE=utf8mb4_unicode_ci;
/*!40101 SET character_set_client = @saved_cs_client */;

--
-- Dumping data for table `roles`
--

LOCK TABLES `roles` WRITE;
/*!40000 ALTER TABLE `roles` DISABLE KEYS */;
/*!40000 ALTER TABLE `roles` ENABLE KEYS */;
UNLOCK TABLES;

--
-- Table structure for table `tydzien`
--

DROP TABLE IF EXISTS `tydzien`;
/*!40101 SET @saved_cs_client     = @@character_set_client */;
/*!40101 SET character_set_client = utf8 */;
CREATE TABLE `tydzien` (
  `id` int(10) unsigned NOT NULL AUTO_INCREMENT,
  `tydzien_od` date NOT NULL,
  `piesn_1` int(11) NOT NULL,
  `piesn_2` int(11) NOT NULL,
  `piesn_3` int(11) NOT NULL,
  `rozdzialy_do_czytania` varchar(50) COLLATE utf8mb4_unicode_ci NOT NULL,
  `created_at` timestamp NULL DEFAULT current_timestamp(),
  `updated_at` timestamp NULL DEFAULT NULL,
  `przewodniczacy` varchar(100) COLLATE utf8mb4_unicode_ci NOT NULL,
  `modlitwa_poczatkowa` varchar(100) COLLATE utf8mb4_unicode_ci NOT NULL,
  `zgromadzenie_id` int(11) DEFAULT NULL,
  `obsluga_id` int(11) DEFAULT NULL,
  PRIMARY KEY (`id`)
) ENGINE=InnoDB AUTO_INCREMENT=130 DEFAULT CHARSET=utf8mb4 COLLATE=utf8mb4_unicode_ci;
/*!40101 SET character_set_client = @saved_cs_client */;

--
-- Dumping data for table `tydzien`
--

LOCK TABLES `tydzien` WRITE;
/*!40000 ALTER TABLE `tydzien` DISABLE KEYS */;
INSERT INTO `tydzien` VALUES (1,'2017-05-22',70,150,17,'JEREMIASZA 44-48','2017-05-24 10:12:05','2017-05-24 10:12:05','','',NULL,NULL),(2,'2017-05-29',102,56,131,'JEREMIASZA 49, 50','2017-05-23 11:19:51','2017-05-23 11:19:51','','',NULL,NULL),(3,'2017-06-05',37,152,49,'JEREMIASZA 51, 52','2017-05-24 10:20:39','2017-05-24 10:20:39','','',NULL,NULL),(4,'2017-06-12',128,126,100,'LAMENTACJE 1-5','2017-05-24 10:22:06','2017-05-24 10:22:06','','',NULL,NULL),(5,'2017-06-19',75,153,32,'EZECHIELA 1-5','2017-05-24 10:22:54','2017-05-24 10:22:54','','',NULL,NULL),(6,'2017-06-26',141,64,33,'EZECHIELA 6-10','2017-05-24 10:23:56','2017-05-24 10:23:56','','',NULL,NULL),(7,'2017-07-03',52,154,43,'EZECHIELA 11-14','2017-05-29 06:20:44','2017-05-29 06:20:44','','',NULL,NULL),(8,'2017-07-10',11,36,137,'EZECHIELA 15-17','2017-05-29 06:21:02','2017-05-29 06:21:02','','',NULL,NULL),(9,'2017-07-17',21,77,38,'EZECHIELA 18-20','2017-05-29 06:21:20','2017-05-29 06:21:20','','',NULL,NULL),(10,'2017-07-24',99,93,29,'EZECHIELA 21-23','2017-05-29 06:21:35','2017-05-29 06:21:35','','',NULL,NULL),(11,'2017-07-31',81,134,88,'EZECHIELA 24-27','2017-05-29 06:21:50','2017-05-29 06:21:50','','',NULL,NULL),(12,'2017-08-07',136,120,93,'EZECHIELA 28-31','2017-05-29 06:22:04','2017-05-29 06:22:04','','',NULL,NULL),(13,'2017-08-14',60,47,86,'EZECHIELA 32-34','2017-07-24 12:57:30','2017-07-24 12:57:30','','',NULL,NULL),(14,'2017-08-21',149,119,87,'EZECHIELA 35-38','2017-07-24 12:58:02','2017-07-24 12:58:02','','',NULL,NULL),(15,'2017-08-28',24,53,67,'EZECHIELA 39-41','2017-07-24 12:58:24','2017-07-24 12:58:24','','',NULL,NULL),(16,'2017-09-04',31,77,97,'EZECHIELA 42-45','2017-07-24 12:58:52','2017-07-24 12:58:52','','',NULL,NULL),(17,'2017-09-11',139,62,49,'EZECHIELA 46-48','2017-07-24 12:59:10','2017-07-24 12:59:10','','',NULL,NULL),(18,'2017-09-18',148,124,72,'DANIELA 1-3','2017-07-24 12:59:26','2017-07-24 12:59:26','','',NULL,NULL),(19,'2017-09-25',47,79,109,'DANIELA 4-6','2017-07-24 12:59:48','2017-07-24 12:59:48','','',NULL,NULL),(20,'2017-10-02',95,78,101,'DANIELA 7-9','2017-07-24 13:00:19','2017-07-24 13:00:19','','',NULL,NULL),(21,'2017-10-09',63,94,91,'DANIELA 10-12','2017-07-24 13:00:43','2017-07-24 13:00:43','','',NULL,NULL),(22,'2017-10-16',108,100,107,'OZEASZA 1-7','2017-07-24 13:01:05','2017-07-24 13:01:05','','',NULL,NULL),(23,'2017-10-23',76,69,124,'OZEASZA 8-14','2017-07-24 13:01:28','2017-07-24 13:01:28','','',NULL,NULL),(24,'2017-10-30',77,30,106,'JOELA 1-3','2017-07-24 13:01:44','2017-07-24 13:01:44','','',NULL,NULL),(25,'2017-11-06',60,58,143,'AMOSA 1-9',NULL,NULL,'','',NULL,NULL),(26,'2017-11-13',102,98,150,'ABDIASZA 1 DO JONASZA 4',NULL,NULL,'','',NULL,NULL),(27,'2017-11-20',31,28,149,'MICHEASZA 1-7',NULL,NULL,'','',NULL,NULL),(28,'2017-11-27',129,21,142,'NAHUMA 1 DO HABAKUKA 3',NULL,NULL,'','',NULL,NULL),(29,'2017-12-04',27,23,22,'SOFONIASZA 1 DO AGGEUSZA 2',NULL,NULL,'','',NULL,NULL),(30,'2017-12-11',26,70,139,'ZACHARIASZA 1-8',NULL,NULL,'','',NULL,NULL),(31,'2017-12-18',8,68,13,'ZACHARIASZA 9-14',NULL,NULL,'','',NULL,NULL),(32,'2017-12-25',131,132,96,'MALACHIASZA 1-4',NULL,NULL,'','',NULL,NULL),(33,'2018-01-01',14,72,137,'MATEUSZA 1-3',NULL,'2018-02-26 17:49:20','Jarosław Rola','Wojciech Przywecki',NULL,NULL),(34,'2018-01-08',82,130,141,'MATEUSZA 4, 5',NULL,'2018-02-26 17:49:20','Dawid Richter','Maciej Fopp',NULL,NULL),(35,'2018-01-15',21,118,132,'MATEUSZA 6, 7',NULL,'2018-02-26 17:49:20','Andrzej Sadowski','Marek Wilczyński',NULL,NULL),(36,'2018-01-22',17,145,95,'MATEUSZA 8, 9',NULL,'2018-02-26 17:49:20','Artur Żbikowski','Piotr Jaskulski',NULL,NULL),(37,'2018-01-29',4,87,138,'MATEUSZA 10, 11',NULL,'2018-02-26 17:49:20','Maciej Fopp','Jarosław Rola',NULL,NULL),(38,'2018-02-05',27,68,10,'MATEUSZA 12, 13',NULL,'2018-02-26 17:33:20','Jarosław Rola','Wojciech Przywecki',NULL,NULL),(39,'2018-02-12',93,135,148,'MATEUSZA 14, 15',NULL,'2018-02-26 17:33:21','Andrzej Sadowski','Rafał Matuszczak',NULL,NULL),(40,'2018-02-19',45,78,134,'MATEUSZA 16, 17',NULL,'2018-02-26 17:33:21','Andrzej Sadowski','Marek Wilczyński',NULL,NULL),(41,'2018-02-26',121,90,133,'MATEUSZA 18, 19',NULL,'2018-02-26 17:33:21','Artur Żbikowski','Tomasz Stębnowski',NULL,NULL),(42,'2018-03-05',76,99,53,'MATEUSZA 20, 21',NULL,'2018-02-26 14:11:11','Jarosław Rola','Andrzej Wójcik',NULL,NULL),(43,'2018-03-12',30,96,52,'MATEUSZA 22, 23',NULL,'2018-02-26 14:11:12','Dawid Richter','Wojciech Przywecki',NULL,NULL),(44,'2018-03-19',126,57,97,'MATEUSZA 24',NULL,'2018-02-26 14:11:12','Maciej Fopp','Jarosław Rola',NULL,NULL),(45,'2018-03-26',143,85,79,'MATEUSZA 25',NULL,'2018-03-01 10:41:02','Andrzej Sadowski','Wiesław Pająk',NULL,NULL),(46,'2018-04-02',19,20,74,'MATEUSZA 26',NULL,'2018-03-13 09:48:03','','',NULL,NULL),(47,'2018-04-09',69,70,73,'MATEUSZA 27, 28',NULL,'2018-03-13 09:48:42','','',NULL,NULL),(48,'2018-04-16',130,44,86,'MARKA 1, 2',NULL,'2018-03-13 09:54:52','','',NULL,NULL),(49,'2018-04-23',77,103,123,'MARKA 3, 4',NULL,'2018-03-13 09:55:37','','',NULL,NULL),(50,'2018-04-30',151,144,72,'MARKA 5, 6',NULL,'2018-03-13 09:56:03','','',NULL,NULL),(59,'2018-05-07',13,51,60,'MARKA 7, 8','2018-03-13 09:56:22','2018-03-13 10:05:19','','',NULL,NULL),(60,'2018-05-14',22,131,66,'MARKA 9, 10','2018-03-13 10:05:41',NULL,'','',NULL,NULL),(61,'2018-05-21',34,118,98,'MARKA 11, 12','2018-03-13 10:05:55',NULL,'','',NULL,NULL),(64,'2018-05-28',55,73,81,'MARKA 13, 14','2018-03-13 13:10:34',NULL,'','',NULL,NULL),(65,'2018-06-04',95,63,140,'MARKA 15, 16','2018-04-09 11:48:55','2018-05-31 18:02:04','Dawid Richter','Artur Żbikowski',NULL,NULL),(66,'2018-06-11',137,92,58,'ŁUKASZA 1','2018-04-09 11:49:50','2018-05-31 18:02:04','Andrzej Sadowski','Samuel Owczarek',NULL,NULL),(67,'2018-06-18',133,134,17,'ŁUKASZA 2, 3','2018-04-09 11:50:19','2018-05-31 18:02:04','Maciej Fopp','Wiesław Pająk',NULL,NULL),(68,'2018-06-25',37,28,105,'ŁUKASZA 4, 5','2018-04-09 11:51:01','2018-05-31 18:02:04','Jarosław Rola','Marek Wilczyński',NULL,NULL),(69,'2018-07-02',109,108,57,'ŁUKASZA 6, 7','2018-05-14 08:35:27','2018-06-29 07:45:17','Andrzej Sadowski','Piotr Jaskulski',NULL,NULL),(70,'2018-07-09',13,124,110,'ŁUKASZA 8, 9','2018-05-14 08:39:01','2018-06-29 07:45:17','Maciej Fopp','Andrzej Sadowski',NULL,NULL),(71,'2018-07-16',100,24,146,'ŁUKASZA 10, 11','2018-05-14 08:39:29','2018-06-29 07:45:17','Jarosław Rola','Tomasz Stębnowski',NULL,NULL),(72,'2018-07-23',4,116,5,'ŁUKASZA 12, 13','2018-05-14 08:39:53','2018-06-29 07:45:17','Artur Żbikowski','Wiesław Pająk',NULL,NULL),(73,'2018-07-30',125,107,139,'ŁUKASZA 14-16','2018-05-14 08:40:26','2018-07-25 14:44:04','Artur Żbikowski','Marek Wilczyński',NULL,NULL),(74,'2018-08-06',18,39,117,'ŁUKASZA 17, 18','2018-06-18 10:18:44',NULL,'','',NULL,NULL),(75,'2018-08-13',84,83,116,'ŁUKASZA 19, 20','2018-06-18 10:19:08','2018-07-25 14:44:04','Jarosław Rola','Piotr Jaskulski',NULL,NULL),(76,'2018-08-20',27,136,41,'ŁUKASZA 21, 22','2018-06-18 10:19:25','2018-07-25 14:44:04','Andrzej Sadowski','Tomasz Stębnowski',NULL,NULL),(77,'2018-08-27',130,20,82,'ŁUKASZA 23, 24','2018-06-18 10:19:44','2018-07-25 14:44:04','Dawid Richter','Wiesław Pająk',NULL,NULL),(78,'2018-09-03',13,38,121,'JANA 1, 2','2018-09-01 11:02:33','2018-09-01 11:06:26','Artur Żbikowski','Piotr Jaskulski',NULL,NULL),(79,'2018-09-10',57,77,35,'JANA 3, 4','2018-09-01 11:03:12','2018-09-01 11:06:26','Maciej Fopp','Wiesław Pająk',NULL,NULL),(80,'2018-09-17',2,31,89,'JANA 5, 6','2018-09-01 11:03:58','2018-09-01 11:06:26','Andrzej Sadowski','Piotr Jaskulski',NULL,NULL),(81,'2018-09-24',12,103,119,'JANA 7, 8','2018-09-01 11:04:26','2018-09-01 11:06:27','Jarosław Rola','Andrzej Sadowski',NULL,NULL),(82,'2018-10-01',25,62,3,'JANA 9, 10','2018-09-01 11:04:57','2019-05-21 08:27:17',' ',' ',NULL,NULL),(83,'2018-10-08',16,141,147,'JANA 11, 12','2018-09-07 08:17:53','2019-05-21 08:27:17','Maciej Fopp','Rafał Matuszczak',NULL,NULL),(84,'2018-10-15',100,114,120,'JANA 13, 14','2018-09-07 08:18:18','2019-05-21 08:27:17','Dawid Richter','Marek Wilczyński',NULL,NULL),(85,'2018-10-22',129,101,106,'JANA 15-17','2018-09-07 08:18:39','2019-05-21 08:27:17','Artur Żbikowski','Piotr Jaskulski',NULL,NULL),(86,'2018-10-29',54,46,32,'JANA 18, 19','2018-09-07 08:19:02','2019-05-21 08:27:17','Maciej Fopp','Maciej Fopp',NULL,NULL),(87,'2018-11-05',35,37,45,'JANA 20, 21','2018-09-07 08:19:23','2019-05-21 08:27:17','Andrzej Sadowski','Wiesław Pająk',NULL,NULL),(88,'2018-11-12',104,85,68,'DZIEJE 1-3','2018-09-07 08:19:43','2019-05-21 08:27:17','Jarosław Rola','Marek Wilczyński',NULL,NULL),(89,'2018-11-19',73,82,64,'DZIEJE 4, 5','2018-09-07 08:20:05','2019-05-21 08:27:17','Artur Żbikowski','Piotr Jaskulski',NULL,NULL),(90,'2018-11-26',124,109,67,'DZIEJE 6-8','2018-09-07 08:21:55','2019-05-21 08:27:17','Maciej Fopp','Rafał Matuszczak',NULL,NULL),(91,'2018-12-03',115,58,59,'DZIEJE 9-11','2018-09-24 09:02:04','2019-05-21 08:27:18','Dawid Richter','Artur Żbikowski',NULL,NULL),(92,'2018-12-10',60,65,55,'DZIEJE 12-14','2018-09-24 09:02:23','2019-05-21 08:27:18','Andrzej Sadowski','Tomasz Stębnowski',NULL,NULL),(93,'2018-12-17',96,74,102,'DZIEJE 15, 16','2018-09-24 09:02:35','2019-05-21 08:27:18','Jarosław Rola','Wiesław Pająk',NULL,NULL),(94,'2018-12-24',78,70,151,'DZIEJE 17, 18','2018-09-24 09:02:50','2019-05-21 08:27:18','Maciej Fopp','Rafał Matuszczak',NULL,NULL),(95,'2018-12-31',103,99,118,'DZIEJE 19, 20','2018-09-24 09:03:05','2019-05-21 08:44:47','Artur Żbikowski','Dawid Richter',NULL,NULL),(96,'2019-01-07',55,134,70,'DZIEJE 21, 22','2018-11-16 10:57:27','2019-05-21 08:44:47','Dawid Richter','Piotr Jaskulski',NULL,NULL),(97,'2019-01-14',148,77,128,'DZIEJE 23, 24','2018-11-16 10:58:11','2019-05-21 08:44:47','Jarosław Rola','Andrzej Wójcik',NULL,NULL),(98,'2019-01-21',73,38,122,'DZIEJE 25, 26','2018-11-16 11:01:44','2019-05-21 08:44:47','Andrzej Sadowski','Artur Żbikowski',NULL,NULL),(99,'2019-01-28',129,103,93,'DZIEJE 27, 28','2018-11-16 11:02:52','2019-05-21 08:44:47','Dawid Richter','Wiesław Pająk',NULL,NULL),(100,'2019-02-04',88,6,142,'RZYMIAN 1-3','2019-01-04 10:02:03','2019-05-21 08:44:47','Andrzej Sadowski','Tomasz Stębnowski',NULL,NULL),(101,'2019-02-11',20,107,97,'RZYMIAN 4-6','2019-01-04 10:02:48','2019-05-21 08:44:47','Artur Żbikowski','Piotr Jaskulski',NULL,NULL),(102,'2019-02-18',27,139,124,'RZYMIAN 7, 8','2019-01-04 10:03:11','2019-05-21 08:44:47','Jarosław Rola','Wiesław Pająk',NULL,NULL),(103,'2019-02-25',25,60,36,'RZYMIAN 9-11','2019-01-04 10:03:31','2019-05-21 08:44:47','Maciej Fopp','Marek Wilczyński',NULL,NULL),(104,'2019-03-04',106,77,57,'RZYMIAN 12-14','2019-01-04 10:04:28','2019-05-21 08:44:48','ZGROMADZENIE OBWODOWE','--',2,NULL),(105,'2019-03-11',33,129,34,'RZYMIAN 15, 16','2019-01-04 10:04:46','2019-05-21 08:44:48','Dawid Richter','Rafał Matuszczak',NULL,NULL),(106,'2019-03-18',127,18,51,'1 KORYNTIAN 1-3','2019-01-04 10:06:15','2019-05-21 08:44:48','Andrzej Sadowski','Maciej Fopp',NULL,NULL),(107,'2019-03-25',123,78,23,'1 KORYNTIAN 4-6','2019-01-04 10:06:34','2019-05-21 08:44:48','Artur Żbikowski','Piotr Jaskulski',NULL,NULL),(108,'2019-04-01',136,37,42,'1 KORYNTIAN 7-9','2019-02-15 08:07:43','2019-05-21 08:44:48','Jarosław Rola','Rafał Matuszczak',NULL,NULL),(109,'2019-04-08',30,25,31,'1 KORYNTIAN 10-13','2019-02-15 08:09:00','2019-05-21 08:44:48','Maciej Fopp','Wiesław Pająk',NULL,NULL),(110,'2019-04-15',0,0,0,'','2019-04-01 06:13:15','2019-05-21 08:44:48','PAMIĄTKA w dzień roboczy','--',NULL,NULL),(111,'2019-04-22',22,69,103,'1 KORYNTIAN 14-16','2019-04-01 06:13:46','2019-05-21 08:44:48','Jarosław Rola','Piotr Jaskulski',NULL,NULL),(112,'2019-04-29',44,86,130,'2 KORYNTIAN 1-3','2019-04-01 06:14:05','2019-05-21 08:44:48','Andrzej Sadowski','Mateusz Wilczyński',NULL,NULL),(113,'2019-05-06',128,143,65,'2 KORYNTIAN 4-6','2019-04-09 10:44:15','2019-05-21 08:44:48','Dawid Richter','Piotr Jaskulski',NULL,NULL),(114,'2019-05-13',109,17,94,'2 KORYNTIAN 7-10','2019-04-09 10:44:34','2019-05-21 08:44:48','Artur Żbikowski','Mateusz Wilczyński',NULL,NULL),(115,'2019-05-20',3,38,78,'2 KORYNTIAN 11-13','2019-04-09 10:44:56','2019-05-21 08:44:48','Maciej Fopp','Wiesław Pająk',NULL,NULL),(116,'2019-05-27',106,92,72,'GALATÓW 1-3','2019-04-09 10:45:09','2019-05-21 08:44:49','Jarosław Rola','Maciej Fopp',NULL,NULL),(117,'2019-06-03',16,110,40,'GALATÓW 4-6','2019-04-09 10:45:24','2019-06-01 20:43:52','Andrzej Sadowski','Andrzej Wójcik',NULL,NULL),(118,'2019-06-10',112,95,144,'EFEZJAN 1-3','2019-04-09 10:45:37','2019-06-01 20:43:52','Artur Żbikowski','Wiesław Pająk',NULL,NULL),(119,'2019-06-17',71,135,34,'EFEZJAN 4-6','2019-04-09 10:45:53','2019-06-12 08:30:49','Andrzej Michalski','Piotr Jaskulski',NULL,NULL),(120,'2019-06-24',33,45,76,'FILIPIAN 1-4','2019-04-09 10:46:04','2019-06-01 20:43:52','Maciej Fopp','Rafał Matuszczak',NULL,NULL),(121,'2019-07-01',56,17,102,'KOLOSAN 1-4','2019-05-21 07:46:22','2019-07-01 21:09:17','Andrzej Sadowski','Tomasz Stębnowski',NULL,NULL),(122,'2019-07-08',90,81,100,'1 TESALONICZAN 1-5','2019-05-21 07:46:43','2019-07-01 21:09:17','Maciej Fopp','Wiesław Pająk',NULL,NULL),(123,'2019-07-15',67,61,111,'2 TESALONICZAN 1-3','2019-05-21 07:47:05','2019-07-01 21:09:17','Jarosław Rola','Rafał Matuszczak',NULL,NULL),(124,'2019-07-22',103,137,115,'1 TYMOTEUSZA 1-3','2019-05-21 07:47:22','2019-07-01 21:09:17','Andrzej Michalski','Piotr Jaskulski',NULL,NULL),(125,'2019-07-29',80,37,21,'1 TYMOTEUSZA 4-6','2019-05-21 07:53:42','2019-07-01 21:09:17','Artur Żbikowski','Marek Wilczyński',NULL,NULL),(126,'2019-08-05',150,85,126,'2 TYMOTEUSZA 1-4','2019-08-13 15:47:54','2019-08-13 15:51:14','KONGRES MIĘDZYNARODOWY','--',NULL,NULL),(127,'2019-08-12',99,84,127,'TYTUSA 1 DO FILEMONA 1','2019-08-13 15:48:38','2019-08-13 15:51:15','Andrzej Sadowski','Andrzej Michalski',NULL,NULL),(128,'2019-08-19',35,121,101,'HEBRAJCZYKÓW 1-3','2019-08-13 15:49:21','2019-08-13 15:51:15','Maciej Fopp','Wiesław Pająk',NULL,NULL),(129,'2019-08-26',5,75,12,'HEBRAJCZYKÓW 4-6','2019-08-13 15:49:52','2019-08-13 15:51:15','Artur Żbikowski','Rafał Matuszczak',NULL,NULL);
/*!40000 ALTER TABLE `tydzien` ENABLE KEYS */;
UNLOCK TABLES;

--
-- Table structure for table `users`
--

DROP TABLE IF EXISTS `users`;
/*!40101 SET @saved_cs_client     = @@character_set_client */;
/*!40101 SET character_set_client = utf8 */;
CREATE TABLE `users` (
  `id` int(10) unsigned NOT NULL AUTO_INCREMENT,
  `name` varchar(191) COLLATE utf8mb4_unicode_ci NOT NULL,
  `email` varchar(191) COLLATE utf8mb4_unicode_ci NOT NULL,
  `password` varchar(191) COLLATE utf8mb4_unicode_ci NOT NULL,
  `remember_token` varchar(100) COLLATE utf8mb4_unicode_ci DEFAULT NULL,
  `created_at` timestamp NULL DEFAULT NULL,
  `updated_at` timestamp NULL DEFAULT NULL,
  PRIMARY KEY (`id`),
  UNIQUE KEY `users_email_unique` (`email`)
) ENGINE=InnoDB AUTO_INCREMENT=2 DEFAULT CHARSET=utf8mb4 COLLATE=utf8mb4_unicode_ci;
/*!40101 SET character_set_client = @saved_cs_client */;

--
-- Dumping data for table `users`
--

LOCK TABLES `users` WRITE;
/*!40000 ALTER TABLE `users` DISABLE KEYS */;
INSERT INTO `users` VALUES (1,'Andrzej Sadowski','andysadowski@gmail.com','$2y$10$bAwOvzGUMRapiEnLyA1BU.Lb2tIJYRl5DSi9Okc.Bghz7HUWa4/1O','p6WrIKQepV3JSyTAAtUsr49gpNGFQZ0niRu95IfJnMVFFY3imUDwkY73zXqc','2017-07-28 11:17:30','2017-10-23 08:15:42');
/*!40000 ALTER TABLE `users` ENABLE KEYS */;
UNLOCK TABLES;

--
-- Table structure for table `zbors`
--

DROP TABLE IF EXISTS `zbors`;
/*!40101 SET @saved_cs_client     = @@character_set_client */;
/*!40101 SET character_set_client = utf8 */;
CREATE TABLE `zbors` (
  `id` int(10) unsigned NOT NULL AUTO_INCREMENT,
  `nazwa` varchar(191) COLLATE utf8mb4_unicode_ci NOT NULL,
  `numer` int(11) NOT NULL,
  `miejscowosc` varchar(191) COLLATE utf8mb4_unicode_ci NOT NULL,
  `dzien_zebrania_w_tygodniu` int(11) NOT NULL,
  `created_at` timestamp NULL DEFAULT NULL,
  `updated_at` timestamp NULL DEFAULT NULL,
  PRIMARY KEY (`id`)
) ENGINE=InnoDB AUTO_INCREMENT=2 DEFAULT CHARSET=utf8mb4 COLLATE=utf8mb4_unicode_ci;
/*!40101 SET character_set_client = @saved_cs_client */;

--
-- Dumping data for table `zbors`
--

LOCK TABLES `zbors` WRITE;
/*!40000 ALTER TABLE `zbors` DISABLE KEYS */;
INSERT INTO `zbors` VALUES (1,'Warszawa-Bielany',1263,'Warszawa',3,'2017-10-23 10:02:45','2017-10-23 10:02:45');
/*!40000 ALTER TABLE `zbors` ENABLE KEYS */;
UNLOCK TABLES;

--
-- Table structure for table `zebraniaweekend`
--

DROP TABLE IF EXISTS `zebraniaweekend`;
/*!40101 SET @saved_cs_client     = @@character_set_client */;
/*!40101 SET character_set_client = utf8 */;
CREATE TABLE `zebraniaweekend` (
  `id` int(11) NOT NULL AUTO_INCREMENT,
  `tydzien_id` int(11) NOT NULL,
  `przewodniczacy` varchar(100) COLLATE utf8_polish_ci NOT NULL,
  `modlitwaPoczatkowa` varchar(100) COLLATE utf8_polish_ci NOT NULL,
  `wykladNr` int(11) DEFAULT NULL,
  `wykladTytul` varchar(255) COLLATE utf8_polish_ci NOT NULL,
  `wykladMowca` varchar(100) COLLATE utf8_polish_ci NOT NULL,
  `modlitwaKoncowa` varchar(100) COLLATE utf8_polish_ci NOT NULL,
  `StraznicaProwadzacy` varchar(100) COLLATE utf8_polish_ci NOT NULL,
  `StraznicaLektor` varchar(100) COLLATE utf8_polish_ci NOT NULL,
  `updated_at` timestamp NOT NULL DEFAULT current_timestamp() ON UPDATE current_timestamp(),
  `created_at` timestamp NOT NULL DEFAULT current_timestamp(),
  `modlitwaKoncowaRezerwa` varchar(100) COLLATE utf8_polish_ci DEFAULT NULL,
  `StraznicaCzas` int(11) NOT NULL DEFAULT 60,
  PRIMARY KEY (`id`)
) ENGINE=InnoDB AUTO_INCREMENT=131 DEFAULT CHARSET=utf8 COLLATE=utf8_polish_ci;
/*!40101 SET character_set_client = @saved_cs_client */;

--
-- Dumping data for table `zebraniaweekend`
--

LOCK TABLES `zebraniaweekend` WRITE;
/*!40000 ALTER TABLE `zebraniaweekend` DISABLE KEYS */;
INSERT INTO `zebraniaweekend` VALUES (3,1,'','',NULL,'','','','','','2018-03-13 13:35:43','2018-03-13 13:28:07',NULL,60),(4,2,'','',NULL,'','','','','','2018-03-13 13:35:43','2018-03-13 13:28:07',NULL,60),(5,3,'','',NULL,'','','','','','2018-03-13 13:35:43','2018-03-13 13:28:07',NULL,60),(6,4,'','',NULL,'','','','','','2018-03-13 13:35:43','2018-03-13 13:28:07',NULL,60),(7,5,'','',NULL,'','','','','','2018-03-13 13:35:43','2018-03-13 13:28:07',NULL,60),(8,6,'','',NULL,'','','','','','2018-03-13 13:35:43','2018-03-13 13:28:07',NULL,60),(9,7,'','',NULL,'','','','','','2018-03-13 13:35:43','2018-03-13 13:28:07',NULL,60),(10,8,'','',NULL,'','','','','','2018-03-13 13:35:43','2018-03-13 13:28:07',NULL,60),(11,9,'','',NULL,'','','','','','2018-03-13 13:35:43','2018-03-13 13:28:07',NULL,60),(12,10,'','',NULL,'','','','','','2018-03-13 13:35:43','2018-03-13 13:28:07',NULL,60),(13,11,'','',NULL,'','','','','','2018-03-13 13:35:43','2018-03-13 13:28:07',NULL,60),(14,12,'','',NULL,'','','','','','2018-03-13 13:35:43','2018-03-13 13:28:07',NULL,60),(15,13,'','',NULL,'','','','','','2018-03-13 13:35:43','2018-03-13 13:28:07',NULL,60),(16,14,'','',NULL,'','','','','','2018-03-13 13:35:43','2018-03-13 13:28:07',NULL,60),(17,15,'','',NULL,'','','','','','2018-03-13 13:35:43','2018-03-13 13:28:07',NULL,60),(18,16,'','',NULL,'','','','','','2018-03-13 13:35:43','2018-03-13 13:28:07',NULL,60),(19,17,'','',NULL,'','','','','','2018-03-13 13:35:43','2018-03-13 13:28:07',NULL,60),(20,18,'','',NULL,'','','','','','2018-03-13 13:35:43','2018-03-13 13:28:07',NULL,60),(21,19,'','',NULL,'','','','','','2018-03-13 13:35:43','2018-03-13 13:28:07',NULL,60),(22,20,'','',NULL,'','','','','','2018-03-13 13:35:43','2018-03-13 13:28:07',NULL,60),(23,21,'','',NULL,'','','','','','2018-03-13 13:35:43','2018-03-13 13:28:07',NULL,60),(24,22,'','',NULL,'','','','','','2018-03-13 13:35:43','2018-03-13 13:28:07',NULL,60),(25,23,'','',NULL,'','','','','','2018-03-13 13:35:43','2018-03-13 13:28:07',NULL,60),(26,24,'','',NULL,'','','','','','2018-03-13 13:35:43','2018-03-13 13:28:07',NULL,60),(27,25,'','',NULL,'','','','','','2018-03-13 13:35:43','2018-03-13 13:28:07',NULL,60),(28,26,'','',NULL,'','','','','','2018-03-13 13:35:43','2018-03-13 13:28:07',NULL,60),(29,27,'Tomasz Stębnowski','Tomasz Stębnowski',119,'Dlaczego trzymanie się z dala od świata jest dla chrześcijan dobrodziejstwem','Jarosław Rola','','Andrzej Sadowski','Maciej Fopp','2018-03-13 13:34:08','2018-03-13 13:28:07',NULL,60),(30,28,'Maciej Fopp','Maciej Fopp',111,'Do czego doprowadzi uzdrawianie narodów?','Daniel Cynka','Piotr Jaskulski','Dawid Richter','Andrzej Wójcik','2018-03-13 13:34:08','2018-03-13 13:28:07',NULL,60),(31,29,'Tomasz Stębnowski','Tomasz Stębnowski',119,'Dlaczego trzymanie się z dala od świata jest dla chrześcijan dobrodziejstwem','Jarosław Rola','Jarosław Rola','Andrzej Sadowski','Maciej Fopp','2018-09-07 13:23:16','2018-03-13 13:28:07','',60),(32,30,'Maciej Fopp','Maciej Fopp',111,'Do czego doprowadzi uzdrawianie narodów?','Daniel Cynka','Daniel Cymka','Dawid Richter','Andrzej Wójcik','2018-09-07 13:23:17','2018-03-13 13:28:07','Piotr Jaskulski',60),(33,31,'Andrzej Wójcik','Andrzej Wójcik',53,'Czy masz ducha ewangelizacji?','Rafał Siemiński','Marek Wilczyński','Dawid Richter','Andrzej Sadowski','2018-03-13 13:34:08','2018-03-13 13:28:07',NULL,60),(34,32,'Piotr Jaskulski','Piotr Jaskulski',51,'Czy prawda zmienia twoje życie?','Michał Wasilak','Maciej Fopp','Dawid Richter','Andrzej Wójcik','2018-03-13 13:34:08','2018-03-13 13:28:07',NULL,60),(35,33,'Robert Stańczuk','Robert Stańczuk',26,'Czy ty osobiście liczysz się u Boga?','Dariusz Hovad','','Dawid Richter','Tomasz Stębnowski','2018-03-13 13:34:08','2018-03-13 13:28:07',NULL,60),(36,34,'Jarosław Rola','Jarosław Rola',68,'Żywisz urazę czy przebaczasz?','Maciej Fopp','','Andrzej Sadowski','Andrzej Wójcik','2018-03-13 13:34:08','2018-03-13 13:28:07',NULL,60),(37,35,'Artur Żbikowski','Artur Żbikowski',76,'Czy zasady biblijne mogą nam pomóc w rozwiązywaniu problemów?','Rafał Siemiński','Marek Wilczyński','Elizeusz Mionskowski','','2018-03-13 13:34:08','2018-03-13 13:28:07',NULL,60),(38,36,'Samuel Owczarek','Samuel Owczarek',143,'Zaufaj Bogu wszelkiej pociechy','Andrzej Wojenka','Andrzej Wójcik','Andrzej Sadowski','Tomasz Stębnowski','2018-03-13 13:30:39','2018-03-13 13:28:07',NULL,60),(39,37,'Maciej Fopp','Maciej Fopp',159,'Jak znaleźć bezpieczeństwo w niebezpiecznym świecie','Kamil Skoczylas','Artur Żbikowski','Andrzej Sadowski','Andrzej Wójcik','2018-03-13 13:30:39','2018-03-13 13:28:07',NULL,60),(40,38,'Andrzej Wójcik','Andrzej Wójcik',190,'Obietnica doskonałego szczęścia rodzinnego','Dawid Richter','','Andrzej Sadowski','Tomasz Stębnowski','2018-03-13 13:30:39','2018-03-13 13:28:07',NULL,60),(41,39,'Tomasz Stębnowski','Tomasz Stębnowski',156,'Czy Dzień Sądu powinien wzbudzać strach, czy nadzieję?','Roman Zawadzki','Marek Wilczyński','Dawid Richter','Maciej Fopp','2018-03-13 13:30:39','2018-03-13 13:28:07',NULL,60),(42,40,'Maciej Fopp','Maciej Fopp',194,'Jakie korzyści przynosi nam zbożna mądrość','Artur Żbikowski','','Dawid Richter','Andrzej Sadowski','2018-03-13 13:30:39','2018-03-13 13:28:07',NULL,60),(43,41,'Samuel Owczarek','Samuel Owczarek',129,'Czy Biblia naucza o Trójcy?','Jakub Kowalski','Andrzej Sadowski','Dawid Richter','Andrzej Wójcik','2018-03-13 13:30:39','2018-03-13 13:28:07',NULL,60),(44,42,'Andrzej Sadowski','Andrzej Sadowski',140,'Kim naprawdę jest Jezus Chrystus?','Tomasz Wolczko','Maciej Fopp','Dawid Richter','Tomasz Stębnowski','2018-03-13 13:30:39','2018-03-13 13:28:07',NULL,60),(45,43,'','',NULL,'','','','','','2018-03-13 13:35:43','2018-03-13 13:28:07',NULL,60),(46,44,'','',NULL,'','','','','','2018-03-13 13:35:43','2018-03-13 13:28:07',NULL,60),(47,45,'','',NULL,'','','','','','2018-03-13 13:35:43','2018-03-13 13:28:07',NULL,60),(48,46,'','',NULL,'','','','','','2018-03-13 13:35:43','2018-03-13 13:28:07',NULL,60),(49,47,'','',NULL,'','','','','','2018-03-13 13:35:43','2018-03-13 13:28:07',NULL,60),(50,48,'','',NULL,'','','','','','2018-03-13 13:35:43','2018-03-13 13:28:07',NULL,60),(51,49,'','',NULL,'','','','','','2018-03-13 13:35:43','2018-03-13 13:28:07',NULL,60),(52,50,'','',NULL,'','','','','','2018-03-13 13:35:43','2018-03-13 13:28:07',NULL,60),(53,59,'','',NULL,'','','','','','2018-03-13 13:35:43','2018-03-13 13:28:07',NULL,60),(54,60,'','',NULL,'','','','','','2018-03-13 13:35:43','2018-03-13 13:28:07',NULL,60),(55,61,'','',NULL,'','','','','','2018-03-13 13:35:43','2018-03-13 13:28:07',NULL,60),(56,64,'','',NULL,'','','','','','2018-03-13 13:35:43','2018-03-13 13:28:07',NULL,60),(66,65,'','',NULL,'','','','','','2018-04-09 11:48:55','2018-04-09 11:48:55',NULL,60),(67,66,'','',NULL,'','','','','','2018-04-09 11:49:50','2018-04-09 11:49:50',NULL,60),(68,67,'Artur Żbikowski','Artur Żbikowski',28,'Okazuj w małżeństwie szacunek i miłość','Andrzej Sadowski','','Dawid Richter','Tomasz Stębnowski','2018-06-29 07:47:54','2018-04-09 11:50:19',NULL,60),(69,68,'Mateusz Wilczyński','Mateusz Wilczyński',20,'Czy nadeszła pora na objęcie przez Boga władzy nad światem?','Artur Żbikowski','','Andrzej Sadowski','Maciej Fopp','2018-06-29 07:47:54','2018-04-09 11:51:01',NULL,60),(70,69,'Tomasz Stębnowski','Tomasz Stębnowski',136,'Czy Bóg aprobuje oddawanie Mu czci za pomocą wizerunków?','Tomasz Trześniewski','Mateusz Wilczyński','Dawid Richter','Andrzej Wójcik','2018-06-29 07:47:54','2018-05-14 08:35:27',NULL,60),(71,70,'Maciej Fopp','Maciej Fopp',16,'Umacniajmy swoją więź z Bogiem','Mateusz Nowak','Marek Wilczyński','Dawid Richter','Tomasz Stębnowski','2018-06-29 07:47:54','2018-05-14 08:39:01',NULL,60),(72,71,'Andrzej Wójcik','Andrzej Wójcik',68,'Żywisz urazę czy przebaczasz?','Marcin Cieplik','Artur Żbikowski','Andrzej Sadowski','Tomasz Stębnowski','2018-06-29 07:47:54','2018-05-14 08:39:29',NULL,60),(73,72,'Tomasz Stębnowski','Tomasz Stębnowski',79,'Czy obierasz przyjaźń z Bogiem, czy ze światem?','Adam Przewłocki','Marek Wilczyński','Andrzej Sadowski','Maciej Fopp','2018-07-25 14:44:52','2018-05-14 08:39:53',NULL,60),(74,73,'','',NULL,'','','','','','2018-05-14 08:40:26','2018-05-14 08:40:26',NULL,60),(75,74,'','',NULL,'','','','','','2018-06-18 10:18:44','2018-06-18 10:18:44',NULL,60),(76,75,'Artur Żbikowski','Artur Żbikowski',87,'Jaka więź łączy cię z Bogiem','Andrzej Sadowski','Andrzej Sadowski','Dawid Richter','Andrzej Sadowski','2018-09-07 12:16:42','2018-06-18 10:19:08','',60),(77,76,'Artur Żbikowski','Artur Żbikowski',87,'Jaka więź łączy cię z Bogiem','Andrzej Sadowski','Andrzej Sadowski','Dawid Richter','Andrzej Sadowski','2018-09-07 13:23:41','2018-06-18 10:19:25','',60),(78,77,'Tomasz Stębnowski','Tomasz Stębnowski',3,'Dotrzymuj kroku zjednoczonej organizacji Jehowy','Maciej Suski','Maciej Suski','Maciej Fopp','Andrzej Wójcik','2018-09-07 13:23:41','2018-06-18 10:19:44','Artur Żbikowski',60),(79,78,'Piotr Jaskulski','Piotr Jaskulski',184,'Czy w chwili śmierci wszystko się kończy?','Wojciech Turemka','Wojciech Turemka','Artur Żbikowski','Andrzej Sadowski','2018-09-07 13:23:41','2018-09-01 11:02:33','Mateusz Wilczyński',60),(80,79,'Mateusz Wilczyński','Mateusz Wilczyński',123,'Dlaczego chrześcijanie muszą być inni ','Damian Dudek','Damian Dudek','Andrzej Sadowski','Tomasz Stębnowski','2018-09-07 13:23:41','2018-09-01 11:03:12','Jarosław Rola',60),(81,80,'Artur Żbikowski','Artur Żbikowski',93,'Jak się zapatrywać na ingerencje ze strony Boga?','Piotr Siejka','Piotr Siejka','Maciej Fopp','Andrzej Wójcik','2018-09-07 13:23:41','2018-09-01 11:03:58','Marek Wilczyński',60),(82,81,'Marek Wilczyński','Marek Wilczyński',25,'Przeciwstawianie się duchowi świata','Maciej Fopp','Maciej Fopp','Dawid Richter','Tomasz Stębnowski','2018-09-07 13:23:41','2018-09-01 11:04:26','',60),(83,82,'','',NULL,'','','','','','2018-09-01 11:04:57','2018-09-01 11:04:57',NULL,60),(84,83,'','',NULL,'','','','','','2018-09-07 08:17:53','2018-09-07 08:17:53',NULL,60),(85,84,'','',NULL,'','','','','','2018-09-07 08:18:18','2018-09-07 08:18:18',NULL,60),(86,85,'','',NULL,'','','','','','2018-09-07 08:18:39','2018-09-07 08:18:39',NULL,60),(87,86,'Marek Wilczyński','Marek Wilczyński',192,'Czy jesteś na drodze do życia wiecznego?','Zygmunt Bartoszczuk','Zygmunt Bartoszczuk','Maciej Fopp','Tomasz Stębnowski','2018-11-02 10:23:49','2018-09-07 08:19:02','Artur Żbikowski',60),(88,87,'Mateusz Wilczyński','Mateusz Wilczyński',67,'Znajduj czas na rozmyślanie o sprawach duchowych','Adam Muraszkowski','Adam Muraszkowski','Dawid Richter','Andrzej Wójcik','2018-11-02 10:23:49','2018-09-07 08:19:23','Marek Wilczyński',60),(89,88,'Andrzej Wójcik','Andrzej Wójcik',18,'Czy naprawdę uznajesz Jehową za swoją twierdzą?','Mariusz Zabawa','Mariusz Zabawa','Dawid Richter','Andrzej Sadowski','2018-11-02 10:23:49','2018-09-07 08:19:43','Maciej Fopp',60),(90,89,'Maciej Fopp','Maciej Fopp',0,'Jak młodzi mogą osiągnąć sukces i szczęście?','Artur Skitek','Artur Skitek','Dawid Richter','','2018-11-02 10:23:49','2018-09-07 08:20:05','',60),(91,90,'Mateusz Wilczyński','Mateusz Wilczyński',138,'Kierujmy się w zdeprawowanym świecie trzeźwością umysłu','Hubert Mielcarz','Hubert Mielcarz','Artur Żbikowski','Tomasz Stębnowski','2018-12-01 16:10:53','2018-09-07 08:21:55','Andrzej Wójcik',60),(92,91,'Marek Wilczyński','Marek Wilczyński',48,'Sprostanie próbom chrześcijańskiej lojalności','Dawid Richter','Dawid Richter','Andrzej Sadowski','Andrzej Wójcik','2018-12-01 16:10:53','2018-09-24 09:02:04','',60),(93,92,'Tomasz Stębnowski','Tomasz Stębnowski',0,'--','Witold Migal','Witold Migal','Dawid Richter','Andrzej Sadowski','2018-12-01 16:10:53','2018-09-24 09:02:23','Jarosław Rola',60),(94,93,'Andrzej Sadowski','Andrzej Sadowski',64,'Czy bardziej miłujesz przyjemności, czy Boga?','Michał Paciorek','Michał Paciorek','Dawid Richter','Tomasz Stębnowski','2018-12-01 16:10:53','2018-09-24 09:02:35','Mateusz Wilczyński',60),(95,94,'Artur Żbikowski','Artur Żbikowski',183,'Odwracaj oczy od tego, co nic niewarte!','Paweł Supeł','Paweł Supeł','Dawid Richter','Andrzej Wójcik','2018-12-01 16:10:53','2018-09-24 09:02:50','Andrzej Sadowski',60),(96,95,'Andrzej Wójcik','Andrzej Wójcik',117,'Jak zło zwyciężać dobrem','Zbigniew Chabierski','Zbigniew Chabierski','Dawid Richter','Andrzej Sadowski','2019-01-04 08:45:53','2018-09-24 09:03:05','Tomasz Stębnowski',60),(97,96,'Jarosław Rola','Jarosław Rola',116,'Mądrze dobieraj sobie towarzystwo','Grzegorz Kądziela','Grzegorz Kądziela','Dawid Richter','Tomasz Stębnowski','2019-01-04 08:45:53','2018-11-16 10:57:27','Marek Wilczyński',60),(98,97,'Mateusz Wilczyński','Mateusz Wilczyński',171,'Możesz zazanawać pokoju - teraz i na zawsze!','Artur Żbikowski','Artur Żbikowski','Andrzej Sadowski','Andrzej Wójcik','2019-01-04 08:45:53','2018-11-16 10:58:11','',60),(99,98,'Maciej Fopp','Maciej Fopp',169,'Dlaczego Biblia jest najlepszym przewodnikiem?','Mateusz Bączyński','Mateusz Bączyński','Dawid Richter','Tomasz Stębnowski','2019-01-04 08:45:53','2018-11-16 11:01:44','Andrzej Sadowski',60),(100,99,'Tomasz Stębnowski','Tomasz Stębnowski',151,'Jehowa jest dla swego ludu „bezpiecznym wzniesieniem”','Paweł Adamczyk','Paweł Adamczyk','Dawid Richter','Andrzej Wójcik','2019-02-02 16:36:17','2018-11-16 11:02:52','Artur Żbikowski',60),(101,100,'Mateusz Wilczyński','Mateusz Wilczyński',49,'Czy doczekasz się oczyszczonej ziemi?','Sławomir Kozecki','Sławomir Kozecki','Dawid Richter','Tomasz Stębnowski','2019-02-02 16:36:17','2019-01-04 10:02:03','Andrzej Sadowski',60),(102,101,'Jarosław Rola','Jarosław Rola',68,'Żywisz urazę czy przebaczasz?','Paweł Bugajski','Paweł Bugajski','Dawid Richter','Andrzej Sadowski','2019-02-02 16:36:17','2019-01-04 10:02:48','Andrzej Wójcik',60),(103,102,'Artur Żbikowski','Artur Żbikowski',38,'Działaj mądrze, bo zbliża się koniec','Marek Korbel','Marek Korbel','Andrzej Sadowski','Andrzej Wójcik','2019-02-02 16:36:17','2019-01-04 10:03:11','Jarosław Rola',60),(104,103,'Andrzej Wójcik','Andrzej Wójcik',77,'Podążajcie drogą gościnności','Jarosław Rola','Jarosław Rola','Dawid Richter','Tomasz Stębnowski','2019-02-28 08:51:26','2019-01-04 10:03:31','',60),(105,104,'','',NULL,'','','','','','2019-01-04 10:04:28','2019-01-04 10:04:28',NULL,60),(106,105,'Marek Wilczyński','Marek Wilczyński',142,'Dlaczego szukać schronienia u Jehowy','Maciej Fopp','Maciej Fopp','Dawid Richter','Andrzej Wójcik','2019-03-13 13:19:01','2019-01-04 10:04:46','',60),(107,106,'Maciej Fopp','Maciej Fopp',180,'Dlaczego nadzieja zmartwychwstania powinna być dla nas czymś realnym','Andrzej Wójcik','Andrzej Wójcik','Andrzej Sadowski','Tomasz Stębnowski','2019-02-28 09:28:20','2019-01-04 10:06:15','',60),(108,107,'Tomasz Stębnowski','Tomasz Stębnowski',154,'Rządy ludzkie na szalach wagi','Arkadiusz Miszkiewicz','Arkadiusz Miszkiewicz','Dawid Richter','Andrzej Sadowski','2019-02-28 09:28:20','2019-01-04 10:06:34','Mateusz Wilczyński',60),(109,108,'Jarosław Rola','Jarosław Rola',55,'Jakie imię wyrabiasz sobie u Boga?','Samuel Maciuch','Samuel Maciuch','Andrzej Sadowski','Andrzej Wójcik','2019-04-01 07:02:05','2019-02-15 08:07:43','Marek Wilczyński',60),(110,109,'Andrzej Wójcik','Andrzej Wójcik',90,'Ubiegaj się o rzeczywiste życie!','Jarek Dobrowolski','Jarek Dobrowolski','Andrzej Sadowski','Tomasz Stębnowski','2019-04-01 07:02:05','2019-02-15 08:09:00','Artur Żbikowski',60),(111,110,'Mateusz Wilczyński','Mateusz Wilczyński',158,'Bądż odważny i ufaj Jehowie','Tymoteusz Dobromilski','Tymoteusz Dobromilski','Dawid Richter','Andrzej Sadowski','2019-04-01 07:02:05','2019-04-01 06:13:46','Andrzej Wójcik',60),(112,111,'Artur Żbikowski','Artur Żbikowski',25,'Przeciwstawiaj się duchowi świata','Elizeusz Mionskowski','Elizeusz Mionskowski','Dawid Richter','--','2019-05-01 12:51:09','2019-04-01 06:14:05','',60),(113,113,'Andrzej Wójcik','Andrzej Wójcik',168,'Możesz cieszyć się poczuciem bezpieczeństwa w tym niespokojnym świecie!','Adrian Kościelniak','Adrian Kościelniak','Andrzej Sadowski','Andrzej Wójcik','2019-05-08 09:51:32','2019-04-09 10:44:15','Maciej Fopp',60),(114,114,'Jarosław Rola','Jarosław Rola',189,'Chodzenie z Bogiem zapewnia wiecznotrwałe błogosławieństwa','Sławomir Pączek','Sławomir Pączek','Dawid Richter','Andrzej Sadowski','2019-05-01 12:15:05','2019-04-09 10:44:34','Andrzej Wójcik',60),(115,115,'Marek Wilczyński','Marek Wilczyński',169,'Dlaczego Biblia jest najlepszym przewodnikiem?','Mateusz Bączyński','Mateusz Bączyński','Dawid Richter','Andrzej Wójcik','2019-05-01 12:15:05','2019-04-09 10:44:56','Jarosław Rola',60),(116,116,'Maciej Fopp','Maciej Fopp',42,'Co dla ciebie oznacza Królestwo Boże?','Jonasz Milewski','Jonasz Milewski','Andrzej Sadowski','Tomasz Stębnowski','2019-06-01 20:48:01','2019-04-09 10:45:09','Marek Wilczyński',60),(117,117,'Mateusz Wilczyński','Mateusz Wilczyński',142,'Dlaczego szukać schronienia u Jehowy','Maciej Fopp','Maciej Fopp','Andrzej Sadowski','Andrzej Wójcik','2019-06-01 20:48:01','2019-04-09 10:45:24','',60),(118,118,'Artur Żbikowski','Artur Żbikowski',78,'Służmy Jehowie radosnym sercem','Tomasz Wolczko','Tomasz Wolczko','Andrzej Michalski','Tomasz Stębnowski','2019-06-12 08:21:51','2019-04-09 10:45:37','Andrzej Wójcik',60),(119,119,'Marek Wilczyński','Marek Wilczyński',22,'Czy jesteś zadowolony z zaopatrzenia zgotowanego przez Jehowę?','Andrzej Myszkowski','Andrzej Myszkowski','Dawid Richter','Andrzej Wójcik','2019-06-12 08:21:51','2019-04-09 10:45:53','Tomasz Stębnowski',60),(120,120,'Andrzej Wójcik','Andrzej Wójcik',21,'Doceniaj swoje miejsce w Królestwie Bożym','Radosław Ziółkowski','Radosław Ziółkowski','Dawid Richter','Maciej Fopp','2019-06-12 08:21:51','2019-04-09 10:46:04','Mateusz Wilczyński',60),(121,112,'Maciej Fopp','Maciej Fopp',53,'Czy twój sposób myślenia jest zgodny z myślami Boga ?','Dawid Richter','Dawid Richter','Andrzej Sadowski','Tomasz Stębnowski','2019-05-01 13:03:15','2019-05-01 12:53:29','',60),(122,121,'','',NULL,'','','','','','2019-05-21 07:46:22','2019-05-21 07:46:22',NULL,60),(123,122,'','',NULL,'','','','','','2019-05-21 07:46:43','2019-05-21 07:46:43',NULL,60),(124,123,'','',NULL,'','','','','','2019-05-21 07:47:05','2019-05-21 07:47:05',NULL,60),(125,124,'','',NULL,'','','','','','2019-05-21 07:47:22','2019-05-21 07:47:22',NULL,60),(126,125,'','',NULL,'','','','','','2019-05-21 07:53:42','2019-05-21 07:53:42',NULL,60),(127,126,'','',NULL,'','','','','','2019-08-13 15:47:54','2019-08-13 15:47:54',NULL,60),(128,127,'','',NULL,'','','','','','2019-08-13 15:48:38','2019-08-13 15:48:38',NULL,60),(129,128,'','',NULL,'','','','','','2019-08-13 15:49:21','2019-08-13 15:49:21',NULL,60),(130,129,'','',NULL,'','','','','','2019-08-13 15:49:52','2019-08-13 15:49:52',NULL,60);
/*!40000 ALTER TABLE `zebraniaweekend` ENABLE KEYS */;
UNLOCK TABLES;
/*!40103 SET TIME_ZONE=@OLD_TIME_ZONE */;

/*!40101 SET SQL_MODE=@OLD_SQL_MODE */;
/*!40014 SET FOREIGN_KEY_CHECKS=@OLD_FOREIGN_KEY_CHECKS */;
/*!40014 SET UNIQUE_CHECKS=@OLD_UNIQUE_CHECKS */;
/*!40101 SET CHARACTER_SET_CLIENT=@OLD_CHARACTER_SET_CLIENT */;
/*!40101 SET CHARACTER_SET_RESULTS=@OLD_CHARACTER_SET_RESULTS */;
/*!40101 SET COLLATION_CONNECTION=@OLD_COLLATION_CONNECTION */;
/*!40111 SET SQL_NOTES=@OLD_SQL_NOTES */;

-- Dump completed on 2019-08-17 20:55:25
